Bracket Type=4,,,,,,,,,,,
Sample Type,File Name,Sample ID,Comment,L2 Client,Path,Instrument Method,Position,Inj Vol,L1 Study,L3 Laboratory,Sample Name
Unknown,R250522_CLU0120_C18pos_001,Instrument_Blank_06_01_1,6,11,E:/Projects/CLU0120_250501_MEC_C18/1-Raw_Files/Batch_06_250522/,C:\Xcalibur\methods\Aria_C18_Methods\240408_C18pos_120k_BottomPump_Channel1,Y:A3,0,CLU0120_MEC,CM,Blank
Unknown,R250522_CLU0120_C18neg_001,Instrument_Blank_06_01_2,6,11,E:/Projects/CLU0120_250501_MEC_C18/1-Raw_Files/Batch_06_250522/,C:\Xcalibur\methods\Aria_C18_Methods\240408_C18neg_120k_TopPump_Channel2,Y:A3,0,CLU0120_MEC,CM,Blank
Unknown,R250522_CLU0120_C18pos_002,Water_06_01_1,6,11,E:/Projects/CLU0120_250501_MEC_C18/1-Raw_Files/Batch_06_250522/,C:\Xcalibur\methods\Aria_C18_Methods\240408_C18pos_120k_BottomPump_Channel1,G:B9,7.5,CLU0120_MEC,CM,Water
Unknown,R250522_CLU0120_C18neg_002,Water_06_01_2,6,11,E:/Projects/CLU0120_250501_MEC_C18/1-Raw_Files/Batch_06_250522/,C:\Xcalibur\methods\Aria_C18_Methods\240408_C18neg_120k_TopPump_Channel2,G:B9,10,CLU0120_MEC,CM,Water
Unknown,R250522_CLU0120_C18pos_003,NIST1950_06_1,6,11,E:/Projects/CLU0120_250501_MEC_C18/1-Raw_Files/Batch_06_250522/,C:\Xcalibur\methods\Aria_C18_Methods\240408_C18pos_120k_BottomPump_Channel1,G:P7,7.5,CLU0120_MEC,CM,NIST
Unknown,R250522_CLU0120_C18neg_003,NIST1950_06_2,6,11,E:/Projects/CLU0120_250501_MEC_C18/1-Raw_Files/Batch_06_250522/,C:\Xcalibur\methods\Aria_C18_Methods\240408_C18neg_120k_TopPump_Channel2,G:P7,10,CLU0120_MEC,CM,NIST
Unknown,R250522_CLU0120_C18pos_004,AM-S-Y2405_06_01_1,6,11,E:/Projects/CLU0120_250501_MEC_C18/1-Raw_Files/Batch_06_250522/,C:\Xcalibur\methods\Aria_C18_Methods\240408_C18pos_120k_BottomPump_Channel1,G:L7,7.5,CLU0120_MEC,CM,AMAP
Unknown,R250522_CLU0120_C18neg_004,AM-S-Y2405_06_01_2,6,11,E:/Projects/CLU0120_250501_MEC_C18/1-Raw_Files/Batch_06_250522/,C:\Xcalibur\methods\Aria_C18_Methods\240408_C18neg_120k_TopPump_Channel2,G:L7,10,CLU0120_MEC,CM,AMAP
Unknown,R250522_CLU0120_C18pos_005,HRE.p1Std.112020_06_01_1,6,11,E:/Projects/CLU0120_250501_MEC_C18/1-Raw_Files/Batch_06_250522/,C:\Xcalibur\methods\Aria_C18_Methods\240408_C18pos_120k_BottomPump_Channel1,G:D3,7.5,CLU0120_MEC,CM,HRE_Pool
Unknown,R250522_CLU0120_C18neg_005,HRE.p1Std.112020_06_01_2,6,11,E:/Projects/CLU0120_250501_MEC_C18/1-Raw_Files/Batch_06_250522/,C:\Xcalibur\methods\Aria_C18_Methods\240408_C18neg_120k_TopPump_Channel2,G:D3,10,CLU0120_MEC,CM,HRE_Pool
Unknown,R250522_CLU0120_C18pos_006,HRE.p2Std.112020_06_01_1,6,11,E:/Projects/CLU0120_250501_MEC_C18/1-Raw_Files/Batch_06_250522/,C:\Xcalibur\methods\Aria_C18_Methods\240408_C18pos_120k_BottomPump_Channel1,G:H5,7.5,CLU0120_MEC,CM,HRE_Pool
Unknown,R250522_CLU0120_C18neg_006,HRE.p2Std.112020_06_01_2,6,11,E:/Projects/CLU0120_250501_MEC_C18/1-Raw_Files/Batch_06_250522/,C:\Xcalibur\methods\Aria_C18_Methods\240408_C18neg_120k_TopPump_Channel2,G:H5,10,CLU0120_MEC,CM,HRE_Pool
Unknown,R250522_CLU0120_C18pos_007,K0808402_1,6,11,E:/Projects/CLU0120_250501_MEC_C18/1-Raw_Files/Batch_06_250522/,C:\Xcalibur\methods\Aria_C18_Methods\240408_C18pos_120k_BottomPump_Channel1,G:A1,7.5,CLU0120_MEC,CM,Study_Sample
Unknown,R250522_CLU0120_C18neg_007,K0808402_2,6,11,E:/Projects/CLU0120_250501_MEC_C18/1-Raw_Files/Batch_06_250522/,C:\Xcalibur\methods\Aria_C18_Methods\240408_C18neg_120k_TopPump_Channel2,G:A1,10,CLU0120_MEC,CM,Study_Sample
Unknown,R250522_CLU0120_C18pos_008,K0808393_1,6,11,E:/Projects/CLU0120_250501_MEC_C18/1-Raw_Files/Batch_06_250522/,C:\Xcalibur\methods\Aria_C18_Methods\240408_C18pos_120k_BottomPump_Channel1,G:A3,7.5,CLU0120_MEC,CM,Study_Sample
Unknown,R250522_CLU0120_C18neg_008,K0808393_2,6,11,E:/Projects/CLU0120_250501_MEC_C18/1-Raw_Files/Batch_06_250522/,C:\Xcalibur\methods\Aria_C18_Methods\240408_C18neg_120k_TopPump_Channel2,G:A3,10,CLU0120_MEC,CM,Study_Sample
Unknown,R250522_CLU0120_C18pos_009,K0808418_1,6,11,E:/Projects/CLU0120_250501_MEC_C18/1-Raw_Files/Batch_06_250522/,C:\Xcalibur\methods\Aria_C18_Methods\240408_C18pos_120k_BottomPump_Channel1,G:A5,7.5,CLU0120_MEC,CM,Study_Sample
Unknown,R250522_CLU0120_C18neg_009,K0808418_2,6,11,E:/Projects/CLU0120_250501_MEC_C18/1-Raw_Files/Batch_06_250522/,C:\Xcalibur\methods\Aria_C18_Methods\240408_C18neg_120k_TopPump_Channel2,G:A5,10,CLU0120_MEC,CM,Study_Sample
Unknown,R250522_CLU0120_C18pos_010,K0808409_1,6,11,E:/Projects/CLU0120_250501_MEC_C18/1-Raw_Files/Batch_06_250522/,C:\Xcalibur\methods\Aria_C18_Methods\240408_C18pos_120k_BottomPump_Channel1,G:A7,7.5,CLU0120_MEC,CM,Study_Sample
Unknown,R250522_CLU0120_C18neg_010,K0808409_2,6,11,E:/Projects/CLU0120_250501_MEC_C18/1-Raw_Files/Batch_06_250522/,C:\Xcalibur\methods\Aria_C18_Methods\240408_C18neg_120k_TopPump_Channel2,G:A7,10,CLU0120_MEC,CM,Study_Sample
Unknown,R250522_CLU0120_C18pos_011,K0808434_1,6,11,E:/Projects/CLU0120_250501_MEC_C18/1-Raw_Files/Batch_06_250522/,C:\Xcalibur\methods\Aria_C18_Methods\240408_C18pos_120k_BottomPump_Channel1,G:A9,7.5,CLU0120_MEC,CM,Study_Sample
Unknown,R250522_CLU0120_C18neg_011,K0808434_2,6,11,E:/Projects/CLU0120_250501_MEC_C18/1-Raw_Files/Batch_06_250522/,C:\Xcalibur\methods\Aria_C18_Methods\240408_C18neg_120k_TopPump_Channel2,G:A9,10,CLU0120_MEC,CM,Study_Sample
Unknown,R250522_CLU0120_C18pos_012,K0808425_1,6,11,E:/Projects/CLU0120_250501_MEC_C18/1-Raw_Files/Batch_06_250522/,C:\Xcalibur\methods\Aria_C18_Methods\240408_C18pos_120k_BottomPump_Channel1,G:A11,7.5,CLU0120_MEC,CM,Study_Sample
Unknown,R250522_CLU0120_C18neg_012,K0808425_2,6,11,E:/Projects/CLU0120_250501_MEC_C18/1-Raw_Files/Batch_06_250522/,C:\Xcalibur\methods\Aria_C18_Methods\240408_C18neg_120k_TopPump_Channel2,G:A11,10,CLU0120_MEC,CM,Study_Sample
Unknown,R250522_CLU0120_C18pos_013,K0808450_1,6,11,E:/Projects/CLU0120_250501_MEC_C18/1-Raw_Files/Batch_06_250522/,C:\Xcalibur\methods\Aria_C18_Methods\240408_C18pos_120k_BottomPump_Channel1,G:A13,7.5,CLU0120_MEC,CM,Study_Sample
Unknown,R250522_CLU0120_C18neg_013,K0808450_2,6,11,E:/Projects/CLU0120_250501_MEC_C18/1-Raw_Files/Batch_06_250522/,C:\Xcalibur\methods\Aria_C18_Methods\240408_C18neg_120k_TopPump_Channel2,G:A13,10,CLU0120_MEC,CM,Study_Sample
Unknown,R250522_CLU0120_C18pos_014,K0808441_1,6,11,E:/Projects/CLU0120_250501_MEC_C18/1-Raw_Files/Batch_06_250522/,C:\Xcalibur\methods\Aria_C18_Methods\240408_C18pos_120k_BottomPump_Channel1,G:A15,7.5,CLU0120_MEC,CM,Study_Sample
Unknown,R250522_CLU0120_C18neg_014,K0808441_2,6,11,E:/Projects/CLU0120_250501_MEC_C18/1-Raw_Files/Batch_06_250522/,C:\Xcalibur\methods\Aria_C18_Methods\240408_C18neg_120k_TopPump_Channel2,G:A15,10,CLU0120_MEC,CM,Study_Sample
Unknown,R250522_CLU0120_C18pos_015,K0808466_1,6,11,E:/Projects/CLU0120_250501_MEC_C18/1-Raw_Files/Batch_06_250522/,C:\Xcalibur\methods\Aria_C18_Methods\240408_C18pos_120k_BottomPump_Channel1,G:A17,7.5,CLU0120_MEC,CM,Study_Sample
Unknown,R250522_CLU0120_C18neg_015,K0808466_2,6,11,E:/Projects/CLU0120_250501_MEC_C18/1-Raw_Files/Batch_06_250522/,C:\Xcalibur\methods\Aria_C18_Methods\240408_C18neg_120k_TopPump_Channel2,G:A17,10,CLU0120_MEC,CM,Study_Sample
Unknown,R250522_CLU0120_C18pos_016,K0808457_1,6,11,E:/Projects/CLU0120_250501_MEC_C18/1-Raw_Files/Batch_06_250522/,C:\Xcalibur\methods\Aria_C18_Methods\240408_C18pos_120k_BottomPump_Channel1,G:A19,7.5,CLU0120_MEC,CM,Study_Sample
Unknown,R250522_CLU0120_C18neg_016,K0808457_2,6,11,E:/Projects/CLU0120_250501_MEC_C18/1-Raw_Files/Batch_06_250522/,C:\Xcalibur\methods\Aria_C18_Methods\240408_C18neg_120k_TopPump_Channel2,G:A19,10,CLU0120_MEC,CM,Study_Sample
Unknown,R250522_CLU0120_C18pos_017,K0808403_1,6,11,E:/Projects/CLU0120_250501_MEC_C18/1-Raw_Files/Batch_06_250522/,C:\Xcalibur\methods\Aria_C18_Methods\240408_C18pos_120k_BottomPump_Channel1,G:C1,7.5,CLU0120_MEC,CM,Study_Sample
Unknown,R250522_CLU0120_C18neg_017,K0808403_2,6,11,E:/Projects/CLU0120_250501_MEC_C18/1-Raw_Files/Batch_06_250522/,C:\Xcalibur\methods\Aria_C18_Methods\240408_C18neg_120k_TopPump_Channel2,G:C1,10,CLU0120_MEC,CM,Study_Sample
Unknown,R250522_CLU0120_C18pos_018,K0808394_1,6,11,E:/Projects/CLU0120_250501_MEC_C18/1-Raw_Files/Batch_06_250522/,C:\Xcalibur\methods\Aria_C18_Methods\240408_C18pos_120k_BottomPump_Channel1,G:C3,7.5,CLU0120_MEC,CM,Study_Sample
Unknown,R250522_CLU0120_C18neg_018,K0808394_2,6,11,E:/Projects/CLU0120_250501_MEC_C18/1-Raw_Files/Batch_06_250522/,C:\Xcalibur\methods\Aria_C18_Methods\240408_C18neg_120k_TopPump_Channel2,G:C3,10,CLU0120_MEC,CM,Study_Sample
Unknown,R250522_CLU0120_C18pos_018_PFAS-MSMS,K0808394_1_PFAS-MSMS,6,11,E:/Projects/CLU0120_250501_MEC_C18/1-Raw_Files/Batch_06_250522//MSMS,C:\Xcalibur\methods\Aria_C18_Methods\240802_C18pos_BottomPump_Channel1_Water_PFAS-inc-ddMS2,G:C3,7.5,CLU0120_MEC,CM,PFAS-MSMS
Unknown,R250522_CLU0120_C18neg_018_PFAS-MSMS,K0808394_2_PFAS-MSMS,6,11,E:/Projects/CLU0120_250501_MEC_C18/1-Raw_Files/Batch_06_250522//MSMS,C:\Xcalibur\methods\Aria_C18_Methods\240802_C18neg_TopPump_Channel2_Water_PFAS-inc-ddMS2,G:C3,10,CLU0120_MEC,CM,PFAS-MSMS
Unknown,R250522_CLU0120_C18pos_019,K0808419_1,6,11,E:/Projects/CLU0120_250501_MEC_C18/1-Raw_Files/Batch_06_250522/,C:\Xcalibur\methods\Aria_C18_Methods\240408_C18pos_120k_BottomPump_Channel1,G:C5,7.5,CLU0120_MEC,CM,Study_Sample
Unknown,R250522_CLU0120_C18neg_019,K0808419_2,6,11,E:/Projects/CLU0120_250501_MEC_C18/1-Raw_Files/Batch_06_250522/,C:\Xcalibur\methods\Aria_C18_Methods\240408_C18neg_120k_TopPump_Channel2,G:C5,10,CLU0120_MEC,CM,Study_Sample
Unknown,R250522_CLU0120_C18pos_020,K0808410_1,6,11,E:/Projects/CLU0120_250501_MEC_C18/1-Raw_Files/Batch_06_250522/,C:\Xcalibur\methods\Aria_C18_Methods\240408_C18pos_120k_BottomPump_Channel1,G:C7,7.5,CLU0120_MEC,CM,Study_Sample
Unknown,R250522_CLU0120_C18neg_020,K0808410_2,6,11,E:/Projects/CLU0120_250501_MEC_C18/1-Raw_Files/Batch_06_250522/,C:\Xcalibur\methods\Aria_C18_Methods\240408_C18neg_120k_TopPump_Channel2,G:C7,10,CLU0120_MEC,CM,Study_Sample
Unknown,R250522_CLU0120_C18pos_021,K0808435_1,6,11,E:/Projects/CLU0120_250501_MEC_C18/1-Raw_Files/Batch_06_250522/,C:\Xcalibur\methods\Aria_C18_Methods\240408_C18pos_120k_BottomPump_Channel1,G:C9,7.5,CLU0120_MEC,CM,Study_Sample
Unknown,R250522_CLU0120_C18neg_021,K0808435_2,6,11,E:/Projects/CLU0120_250501_MEC_C18/1-Raw_Files/Batch_06_250522/,C:\Xcalibur\methods\Aria_C18_Methods\240408_C18neg_120k_TopPump_Channel2,G:C9,10,CLU0120_MEC,CM,Study_Sample
Unknown,R250522_CLU0120_C18pos_022,K0808426_1,6,11,E:/Projects/CLU0120_250501_MEC_C18/1-Raw_Files/Batch_06_250522/,C:\Xcalibur\methods\Aria_C18_Methods\240408_C18pos_120k_BottomPump_Channel1,G:C11,7.5,CLU0120_MEC,CM,Study_Sample
Unknown,R250522_CLU0120_C18neg_022,K0808426_2,6,11,E:/Projects/CLU0120_250501_MEC_C18/1-Raw_Files/Batch_06_250522/,C:\Xcalibur\methods\Aria_C18_Methods\240408_C18neg_120k_TopPump_Channel2,G:C11,10,CLU0120_MEC,CM,Study_Sample
Unknown,R250522_CLU0120_C18pos_023,K0808451_1,6,11,E:/Projects/CLU0120_250501_MEC_C18/1-Raw_Files/Batch_06_250522/,C:\Xcalibur\methods\Aria_C18_Methods\240408_C18pos_120k_BottomPump_Channel1,G:C13,7.5,CLU0120_MEC,CM,Study_Sample
Unknown,R250522_CLU0120_C18neg_023,K0808451_2,6,11,E:/Projects/CLU0120_250501_MEC_C18/1-Raw_Files/Batch_06_250522/,C:\Xcalibur\methods\Aria_C18_Methods\240408_C18neg_120k_TopPump_Channel2,G:C13,10,CLU0120_MEC,CM,Study_Sample
Unknown,R250522_CLU0120_C18pos_024,K0808442_1,6,11,E:/Projects/CLU0120_250501_MEC_C18/1-Raw_Files/Batch_06_250522/,C:\Xcalibur\methods\Aria_C18_Methods\240408_C18pos_120k_BottomPump_Channel1,G:C15,7.5,CLU0120_MEC,CM,Study_Sample
Unknown,R250522_CLU0120_C18neg_024,K0808442_2,6,11,E:/Projects/CLU0120_250501_MEC_C18/1-Raw_Files/Batch_06_250522/,C:\Xcalibur\methods\Aria_C18_Methods\240408_C18neg_120k_TopPump_Channel2,G:C15,10,CLU0120_MEC,CM,Study_Sample
Unknown,R250522_CLU0120_C18pos_025,K0808467_1,6,11,E:/Projects/CLU0120_250501_MEC_C18/1-Raw_Files/Batch_06_250522/,C:\Xcalibur\methods\Aria_C18_Methods\240408_C18pos_120k_BottomPump_Channel1,G:C17,7.5,CLU0120_MEC,CM,Study_Sample
Unknown,R250522_CLU0120_C18neg_025,K0808467_2,6,11,E:/Projects/CLU0120_250501_MEC_C18/1-Raw_Files/Batch_06_250522/,C:\Xcalibur\methods\Aria_C18_Methods\240408_C18neg_120k_TopPump_Channel2,G:C17,10,CLU0120_MEC,CM,Study_Sample
Unknown,R250522_CLU0120_C18pos_026,K0808458_1,6,11,E:/Projects/CLU0120_250501_MEC_C18/1-Raw_Files/Batch_06_250522/,C:\Xcalibur\methods\Aria_C18_Methods\240408_C18pos_120k_BottomPump_Channel1,G:C19,7.5,CLU0120_MEC,CM,Study_Sample
Unknown,R250522_CLU0120_C18neg_026,K0808458_2,6,11,E:/Projects/CLU0120_250501_MEC_C18/1-Raw_Files/Batch_06_250522/,C:\Xcalibur\methods\Aria_C18_Methods\240408_C18neg_120k_TopPump_Channel2,G:C19,10,CLU0120_MEC,CM,Study_Sample
Unknown,R250522_CLU0120_C18pos_027,HRE.p1Std.112020_06_02_1,6,11,E:/Projects/CLU0120_250501_MEC_C18/1-Raw_Files/Batch_06_250522/,C:\Xcalibur\methods\Aria_C18_Methods\240408_C18pos_120k_BottomPump_Channel1,G:F3,7.5,CLU0120_MEC,CM,HRE_Pool
Unknown,R250522_CLU0120_C18neg_027,HRE.p1Std.112020_06_02_2,6,11,E:/Projects/CLU0120_250501_MEC_C18/1-Raw_Files/Batch_06_250522/,C:\Xcalibur\methods\Aria_C18_Methods\240408_C18neg_120k_TopPump_Channel2,G:F3,10,CLU0120_MEC,CM,HRE_Pool
Unknown,R250522_CLU0120_C18pos_028,HRE.p2Std.112020_06_02_1,6,11,E:/Projects/CLU0120_250501_MEC_C18/1-Raw_Files/Batch_06_250522/,C:\Xcalibur\methods\Aria_C18_Methods\240408_C18pos_120k_BottomPump_Channel1,G:J5,7.5,CLU0120_MEC,CM,HRE_Pool
Unknown,R250522_CLU0120_C18neg_028,HRE.p2Std.112020_06_02_2,6,11,E:/Projects/CLU0120_250501_MEC_C18/1-Raw_Files/Batch_06_250522/,C:\Xcalibur\methods\Aria_C18_Methods\240408_C18neg_120k_TopPump_Channel2,G:J5,10,CLU0120_MEC,CM,HRE_Pool
Unknown,R250522_CLU0120_C18pos_029,K0808404_1,6,11,E:/Projects/CLU0120_250501_MEC_C18/1-Raw_Files/Batch_06_250522/,C:\Xcalibur\methods\Aria_C18_Methods\240408_C18pos_120k_BottomPump_Channel1,G:E1,7.5,CLU0120_MEC,CM,Study_Sample
Unknown,R250522_CLU0120_C18neg_029,K0808404_2,6,11,E:/Projects/CLU0120_250501_MEC_C18/1-Raw_Files/Batch_06_250522/,C:\Xcalibur\methods\Aria_C18_Methods\240408_C18neg_120k_TopPump_Channel2,G:E1,10,CLU0120_MEC,CM,Study_Sample
Unknown,R250522_CLU0120_C18pos_030,K0808395_1,6,11,E:/Projects/CLU0120_250501_MEC_C18/1-Raw_Files/Batch_06_250522/,C:\Xcalibur\methods\Aria_C18_Methods\240408_C18pos_120k_BottomPump_Channel1,G:E3,7.5,CLU0120_MEC,CM,Study_Sample
Unknown,R250522_CLU0120_C18neg_030,K0808395_2,6,11,E:/Projects/CLU0120_250501_MEC_C18/1-Raw_Files/Batch_06_250522/,C:\Xcalibur\methods\Aria_C18_Methods\240408_C18neg_120k_TopPump_Channel2,G:E3,10,CLU0120_MEC,CM,Study_Sample
Unknown,R250522_CLU0120_C18pos_031,K0808420_1,6,11,E:/Projects/CLU0120_250501_MEC_C18/1-Raw_Files/Batch_06_250522/,C:\Xcalibur\methods\Aria_C18_Methods\240408_C18pos_120k_BottomPump_Channel1,G:E5,7.5,CLU0120_MEC,CM,Study_Sample
Unknown,R250522_CLU0120_C18neg_031,K0808420_2,6,11,E:/Projects/CLU0120_250501_MEC_C18/1-Raw_Files/Batch_06_250522/,C:\Xcalibur\methods\Aria_C18_Methods\240408_C18neg_120k_TopPump_Channel2,G:E5,10,CLU0120_MEC,CM,Study_Sample
Unknown,R250522_CLU0120_C18pos_032,K0808411_1,6,11,E:/Projects/CLU0120_250501_MEC_C18/1-Raw_Files/Batch_06_250522/,C:\Xcalibur\methods\Aria_C18_Methods\240408_C18pos_120k_BottomPump_Channel1,G:E7,7.5,CLU0120_MEC,CM,Study_Sample
Unknown,R250522_CLU0120_C18neg_032,K0808411_2,6,11,E:/Projects/CLU0120_250501_MEC_C18/1-Raw_Files/Batch_06_250522/,C:\Xcalibur\methods\Aria_C18_Methods\240408_C18neg_120k_TopPump_Channel2,G:E7,10,CLU0120_MEC,CM,Study_Sample
Unknown,R250522_CLU0120_C18pos_033,K0808436_1,6,11,E:/Projects/CLU0120_250501_MEC_C18/1-Raw_Files/Batch_06_250522/,C:\Xcalibur\methods\Aria_C18_Methods\240408_C18pos_120k_BottomPump_Channel1,G:E9,7.5,CLU0120_MEC,CM,Study_Sample
Unknown,R250522_CLU0120_C18neg_033,K0808436_2,6,11,E:/Projects/CLU0120_250501_MEC_C18/1-Raw_Files/Batch_06_250522/,C:\Xcalibur\methods\Aria_C18_Methods\240408_C18neg_120k_TopPump_Channel2,G:E9,10,CLU0120_MEC,CM,Study_Sample
Unknown,R250522_CLU0120_C18pos_034,K0808427_1,6,11,E:/Projects/CLU0120_250501_MEC_C18/1-Raw_Files/Batch_06_250522/,C:\Xcalibur\methods\Aria_C18_Methods\240408_C18pos_120k_BottomPump_Channel1,G:E11,7.5,CLU0120_MEC,CM,Study_Sample
Unknown,R250522_CLU0120_C18neg_034,K0808427_2,6,11,E:/Projects/CLU0120_250501_MEC_C18/1-Raw_Files/Batch_06_250522/,C:\Xcalibur\methods\Aria_C18_Methods\240408_C18neg_120k_TopPump_Channel2,G:E11,10,CLU0120_MEC,CM,Study_Sample
Unknown,R250522_CLU0120_C18pos_034_MSMS,K0808427_1_MSMS,6,11,E:/Projects/CLU0120_250501_MEC_C18/1-Raw_Files/Batch_06_250522//MSMS,C:\Xcalibur\methods\Aria_C18_Methods\240801_C18pos_BottomPump_Channel1_Water+PP-ddMS2,G:E11,7.5,CLU0120_MEC,CM,MSMS
Unknown,R250522_CLU0120_C18neg_034_MSMS,K0808427_2_MSMS,6,11,E:/Projects/CLU0120_250501_MEC_C18/1-Raw_Files/Batch_06_250522//MSMS,C:\Xcalibur\methods\Aria_C18_Methods\240801_C18neg_TopPump_Channel2_Water+PP-ddMS2,G:E11,10,CLU0120_MEC,CM,MSMS
Unknown,R250522_CLU0120_C18pos_035,K0808452_1,6,11,E:/Projects/CLU0120_250501_MEC_C18/1-Raw_Files/Batch_06_250522/,C:\Xcalibur\methods\Aria_C18_Methods\240408_C18pos_120k_BottomPump_Channel1,G:E13,7.5,CLU0120_MEC,CM,Study_Sample
Unknown,R250522_CLU0120_C18neg_035,K0808452_2,6,11,E:/Projects/CLU0120_250501_MEC_C18/1-Raw_Files/Batch_06_250522/,C:\Xcalibur\methods\Aria_C18_Methods\240408_C18neg_120k_TopPump_Channel2,G:E13,10,CLU0120_MEC,CM,Study_Sample
Unknown,R250522_CLU0120_C18pos_036,K0808443_1,6,11,E:/Projects/CLU0120_250501_MEC_C18/1-Raw_Files/Batch_06_250522/,C:\Xcalibur\methods\Aria_C18_Methods\240408_C18pos_120k_BottomPump_Channel1,G:E15,7.5,CLU0120_MEC,CM,Study_Sample
Unknown,R250522_CLU0120_C18neg_036,K0808443_2,6,11,E:/Projects/CLU0120_250501_MEC_C18/1-Raw_Files/Batch_06_250522/,C:\Xcalibur\methods\Aria_C18_Methods\240408_C18neg_120k_TopPump_Channel2,G:E15,10,CLU0120_MEC,CM,Study_Sample
Unknown,R250522_CLU0120_C18pos_037,K0808468_1,6,11,E:/Projects/CLU0120_250501_MEC_C18/1-Raw_Files/Batch_06_250522/,C:\Xcalibur\methods\Aria_C18_Methods\240408_C18pos_120k_BottomPump_Channel1,G:E17,7.5,CLU0120_MEC,CM,Study_Sample
Unknown,R250522_CLU0120_C18neg_037,K0808468_2,6,11,E:/Projects/CLU0120_250501_MEC_C18/1-Raw_Files/Batch_06_250522/,C:\Xcalibur\methods\Aria_C18_Methods\240408_C18neg_120k_TopPump_Channel2,G:E17,10,CLU0120_MEC,CM,Study_Sample
Unknown,R250522_CLU0120_C18pos_037_PFAS-MSMS,K0808468_1_PFAS-MSMS,6,11,E:/Projects/CLU0120_250501_MEC_C18/1-Raw_Files/Batch_06_250522//MSMS,C:\Xcalibur\methods\Aria_C18_Methods\240802_C18pos_BottomPump_Channel1_Water_PFAS-inc-ddMS2,G:E17,7.5,CLU0120_MEC,CM,PFAS-MSMS
Unknown,R250522_CLU0120_C18neg_037_PFAS-MSMS,K0808468_2_PFAS-MSMS,6,11,E:/Projects/CLU0120_250501_MEC_C18/1-Raw_Files/Batch_06_250522//MSMS,C:\Xcalibur\methods\Aria_C18_Methods\240802_C18neg_TopPump_Channel2_Water_PFAS-inc-ddMS2,G:E17,10,CLU0120_MEC,CM,PFAS-MSMS
Unknown,R250522_CLU0120_C18pos_038,K0808459_1,6,11,E:/Projects/CLU0120_250501_MEC_C18/1-Raw_Files/Batch_06_250522/,C:\Xcalibur\methods\Aria_C18_Methods\240408_C18pos_120k_BottomPump_Channel1,G:E19,7.5,CLU0120_MEC,CM,Study_Sample
Unknown,R250522_CLU0120_C18neg_038,K0808459_2,6,11,E:/Projects/CLU0120_250501_MEC_C18/1-Raw_Files/Batch_06_250522/,C:\Xcalibur\methods\Aria_C18_Methods\240408_C18neg_120k_TopPump_Channel2,G:E19,10,CLU0120_MEC,CM,Study_Sample
Unknown,R250522_CLU0120_C18pos_039,K0818765_1,6,11,E:/Projects/CLU0120_250501_MEC_C18/1-Raw_Files/Batch_06_250522/,C:\Xcalibur\methods\Aria_C18_Methods\240408_C18pos_120k_BottomPump_Channel1,G:G1,7.5,CLU0120_MEC,CM,Study_Sample
Unknown,R250522_CLU0120_C18neg_039,K0818765_2,6,11,E:/Projects/CLU0120_250501_MEC_C18/1-Raw_Files/Batch_06_250522/,C:\Xcalibur\methods\Aria_C18_Methods\240408_C18neg_120k_TopPump_Channel2,G:G1,10,CLU0120_MEC,CM,Study_Sample
Unknown,R250522_CLU0120_C18pos_040,K0808396_1,6,11,E:/Projects/CLU0120_250501_MEC_C18/1-Raw_Files/Batch_06_250522/,C:\Xcalibur\methods\Aria_C18_Methods\240408_C18pos_120k_BottomPump_Channel1,G:G3,7.5,CLU0120_MEC,CM,Study_Sample
Unknown,R250522_CLU0120_C18neg_040,K0808396_2,6,11,E:/Projects/CLU0120_250501_MEC_C18/1-Raw_Files/Batch_06_250522/,C:\Xcalibur\methods\Aria_C18_Methods\240408_C18neg_120k_TopPump_Channel2,G:G3,10,CLU0120_MEC,CM,Study_Sample
Unknown,R250522_CLU0120_C18pos_041,K0818781_1,6,11,E:/Projects/CLU0120_250501_MEC_C18/1-Raw_Files/Batch_06_250522/,C:\Xcalibur\methods\Aria_C18_Methods\240408_C18pos_120k_BottomPump_Channel1,G:G5,7.5,CLU0120_MEC,CM,Study_Sample
Unknown,R250522_CLU0120_C18neg_041,K0818781_2,6,11,E:/Projects/CLU0120_250501_MEC_C18/1-Raw_Files/Batch_06_250522/,C:\Xcalibur\methods\Aria_C18_Methods\240408_C18neg_120k_TopPump_Channel2,G:G5,10,CLU0120_MEC,CM,Study_Sample
Unknown,R250522_CLU0120_C18pos_042,K0808412_1,6,11,E:/Projects/CLU0120_250501_MEC_C18/1-Raw_Files/Batch_06_250522/,C:\Xcalibur\methods\Aria_C18_Methods\240408_C18pos_120k_BottomPump_Channel1,G:G7,7.5,CLU0120_MEC,CM,Study_Sample
Unknown,R250522_CLU0120_C18neg_042,K0808412_2,6,11,E:/Projects/CLU0120_250501_MEC_C18/1-Raw_Files/Batch_06_250522/,C:\Xcalibur\methods\Aria_C18_Methods\240408_C18neg_120k_TopPump_Channel2,G:G7,10,CLU0120_MEC,CM,Study_Sample
Unknown,R250522_CLU0120_C18pos_043,K0818797_1,6,11,E:/Projects/CLU0120_250501_MEC_C18/1-Raw_Files/Batch_06_250522/,C:\Xcalibur\methods\Aria_C18_Methods\240408_C18pos_120k_BottomPump_Channel1,G:G9,7.5,CLU0120_MEC,CM,Study_Sample
Unknown,R250522_CLU0120_C18neg_043,K0818797_2,6,11,E:/Projects/CLU0120_250501_MEC_C18/1-Raw_Files/Batch_06_250522/,C:\Xcalibur\methods\Aria_C18_Methods\240408_C18neg_120k_TopPump_Channel2,G:G9,10,CLU0120_MEC,CM,Study_Sample
Unknown,R250522_CLU0120_C18pos_044,K0808428_1,6,11,E:/Projects/CLU0120_250501_MEC_C18/1-Raw_Files/Batch_06_250522/,C:\Xcalibur\methods\Aria_C18_Methods\240408_C18pos_120k_BottomPump_Channel1,G:G11,7.5,CLU0120_MEC,CM,Study_Sample
Unknown,R250522_CLU0120_C18neg_044,K0808428_2,6,11,E:/Projects/CLU0120_250501_MEC_C18/1-Raw_Files/Batch_06_250522/,C:\Xcalibur\methods\Aria_C18_Methods\240408_C18neg_120k_TopPump_Channel2,G:G11,10,CLU0120_MEC,CM,Study_Sample
Unknown,R250522_CLU0120_C18pos_045,K0818813_1,6,11,E:/Projects/CLU0120_250501_MEC_C18/1-Raw_Files/Batch_06_250522/,C:\Xcalibur\methods\Aria_C18_Methods\240408_C18pos_120k_BottomPump_Channel1,G:G13,7.5,CLU0120_MEC,CM,Study_Sample
Unknown,R250522_CLU0120_C18neg_045,K0818813_2,6,11,E:/Projects/CLU0120_250501_MEC_C18/1-Raw_Files/Batch_06_250522/,C:\Xcalibur\methods\Aria_C18_Methods\240408_C18neg_120k_TopPump_Channel2,G:G13,10,CLU0120_MEC,CM,Study_Sample
Unknown,R250522_CLU0120_C18pos_046,K0808444_1,6,11,E:/Projects/CLU0120_250501_MEC_C18/1-Raw_Files/Batch_06_250522/,C:\Xcalibur\methods\Aria_C18_Methods\240408_C18pos_120k_BottomPump_Channel1,G:G15,7.5,CLU0120_MEC,CM,Study_Sample
Unknown,R250522_CLU0120_C18neg_046,K0808444_2,6,11,E:/Projects/CLU0120_250501_MEC_C18/1-Raw_Files/Batch_06_250522/,C:\Xcalibur\methods\Aria_C18_Methods\240408_C18neg_120k_TopPump_Channel2,G:G15,10,CLU0120_MEC,CM,Study_Sample
Unknown,R250522_CLU0120_C18pos_047,K0818829_1,6,11,E:/Projects/CLU0120_250501_MEC_C18/1-Raw_Files/Batch_06_250522/,C:\Xcalibur\methods\Aria_C18_Methods\240408_C18pos_120k_BottomPump_Channel1,G:G17,7.5,CLU0120_MEC,CM,Study_Sample
Unknown,R250522_CLU0120_C18neg_047,K0818829_2,6,11,E:/Projects/CLU0120_250501_MEC_C18/1-Raw_Files/Batch_06_250522/,C:\Xcalibur\methods\Aria_C18_Methods\240408_C18neg_120k_TopPump_Channel2,G:G17,10,CLU0120_MEC,CM,Study_Sample
Unknown,R250522_CLU0120_C18pos_047_MSMS,K0818829_1_MSMS,6,11,E:/Projects/CLU0120_250501_MEC_C18/1-Raw_Files/Batch_06_250522//MSMS,C:\Xcalibur\methods\Aria_C18_Methods\240801_C18pos_BottomPump_Channel1_Water+PP-ddMS2,G:G17,7.5,CLU0120_MEC,CM,MSMS
Unknown,R250522_CLU0120_C18neg_047_MSMS,K0818829_2_MSMS,6,11,E:/Projects/CLU0120_250501_MEC_C18/1-Raw_Files/Batch_06_250522//MSMS,C:\Xcalibur\methods\Aria_C18_Methods\240801_C18neg_TopPump_Channel2_Water+PP-ddMS2,G:G17,10,CLU0120_MEC,CM,MSMS
Unknown,R250522_CLU0120_C18pos_048,K0808460_1,6,11,E:/Projects/CLU0120_250501_MEC_C18/1-Raw_Files/Batch_06_250522/,C:\Xcalibur\methods\Aria_C18_Methods\240408_C18pos_120k_BottomPump_Channel1,G:G19,7.5,CLU0120_MEC,CM,Study_Sample
Unknown,R250522_CLU0120_C18neg_048,K0808460_2,6,11,E:/Projects/CLU0120_250501_MEC_C18/1-Raw_Files/Batch_06_250522/,C:\Xcalibur\methods\Aria_C18_Methods\240408_C18neg_120k_TopPump_Channel2,G:G19,10,CLU0120_MEC,CM,Study_Sample
Unknown,R250522_CLU0120_C18pos_048_PFAS-MSMS,K0808460_1_PFAS-MSMS,6,11,E:/Projects/CLU0120_250501_MEC_C18/1-Raw_Files/Batch_06_250522//MSMS,C:\Xcalibur\methods\Aria_C18_Methods\240802_C18pos_BottomPump_Channel1_Water_PFAS-inc-ddMS2,G:G19,7.5,CLU0120_MEC,CM,PFAS-MSMS
Unknown,R250522_CLU0120_C18neg_048_PFAS-MSMS,K0808460_2_PFAS-MSMS,6,11,E:/Projects/CLU0120_250501_MEC_C18/1-Raw_Files/Batch_06_250522//MSMS,C:\Xcalibur\methods\Aria_C18_Methods\240802_C18neg_TopPump_Channel2_Water_PFAS-inc-ddMS2,G:G19,10,CLU0120_MEC,CM,PFAS-MSMS
Unknown,R250522_CLU0120_C18pos_049,HRE.p1Std.112020_06_03_1,6,11,E:/Projects/CLU0120_250501_MEC_C18/1-Raw_Files/Batch_06_250522/,C:\Xcalibur\methods\Aria_C18_Methods\240408_C18pos_120k_BottomPump_Channel1,G:H3,7.5,CLU0120_MEC,CM,HRE_Pool
Unknown,R250522_CLU0120_C18neg_049,HRE.p1Std.112020_06_03_2,6,11,E:/Projects/CLU0120_250501_MEC_C18/1-Raw_Files/Batch_06_250522/,C:\Xcalibur\methods\Aria_C18_Methods\240408_C18neg_120k_TopPump_Channel2,G:H3,10,CLU0120_MEC,CM,HRE_Pool
Unknown,R250522_CLU0120_C18pos_050,HRE.p2Std.112020_06_03_1,6,11,E:/Projects/CLU0120_250501_MEC_C18/1-Raw_Files/Batch_06_250522/,C:\Xcalibur\methods\Aria_C18_Methods\240408_C18pos_120k_BottomPump_Channel1,G:L5,7.5,CLU0120_MEC,CM,HRE_Pool
Unknown,R250522_CLU0120_C18neg_050,HRE.p2Std.112020_06_03_2,6,11,E:/Projects/CLU0120_250501_MEC_C18/1-Raw_Files/Batch_06_250522/,C:\Xcalibur\methods\Aria_C18_Methods\240408_C18neg_120k_TopPump_Channel2,G:L5,10,CLU0120_MEC,CM,HRE_Pool
Unknown,R250522_CLU0120_C18pos_051,K0818766_1,6,11,E:/Projects/CLU0120_250501_MEC_C18/1-Raw_Files/Batch_06_250522/,C:\Xcalibur\methods\Aria_C18_Methods\240408_C18pos_120k_BottomPump_Channel1,G:I1,7.5,CLU0120_MEC,CM,Study_Sample
Unknown,R250522_CLU0120_C18neg_051,K0818766_2,6,11,E:/Projects/CLU0120_250501_MEC_C18/1-Raw_Files/Batch_06_250522/,C:\Xcalibur\methods\Aria_C18_Methods\240408_C18neg_120k_TopPump_Channel2,G:I1,10,CLU0120_MEC,CM,Study_Sample
Unknown,R250522_CLU0120_C18pos_052,K0818757_1,6,11,E:/Projects/CLU0120_250501_MEC_C18/1-Raw_Files/Batch_06_250522/,C:\Xcalibur\methods\Aria_C18_Methods\240408_C18pos_120k_BottomPump_Channel1,G:I3,7.5,CLU0120_MEC,CM,Study_Sample
Unknown,R250522_CLU0120_C18neg_052,K0818757_2,6,11,E:/Projects/CLU0120_250501_MEC_C18/1-Raw_Files/Batch_06_250522/,C:\Xcalibur\methods\Aria_C18_Methods\240408_C18neg_120k_TopPump_Channel2,G:I3,10,CLU0120_MEC,CM,Study_Sample
Unknown,R250522_CLU0120_C18pos_053,K0818782_1,6,11,E:/Projects/CLU0120_250501_MEC_C18/1-Raw_Files/Batch_06_250522/,C:\Xcalibur\methods\Aria_C18_Methods\240408_C18pos_120k_BottomPump_Channel1,G:I5,7.5,CLU0120_MEC,CM,Study_Sample
Unknown,R250522_CLU0120_C18neg_053,K0818782_2,6,11,E:/Projects/CLU0120_250501_MEC_C18/1-Raw_Files/Batch_06_250522/,C:\Xcalibur\methods\Aria_C18_Methods\240408_C18neg_120k_TopPump_Channel2,G:I5,10,CLU0120_MEC,CM,Study_Sample
Unknown,R250522_CLU0120_C18pos_054,K0818773_1,6,11,E:/Projects/CLU0120_250501_MEC_C18/1-Raw_Files/Batch_06_250522/,C:\Xcalibur\methods\Aria_C18_Methods\240408_C18pos_120k_BottomPump_Channel1,G:I7,7.5,CLU0120_MEC,CM,Study_Sample
Unknown,R250522_CLU0120_C18neg_054,K0818773_2,6,11,E:/Projects/CLU0120_250501_MEC_C18/1-Raw_Files/Batch_06_250522/,C:\Xcalibur\methods\Aria_C18_Methods\240408_C18neg_120k_TopPump_Channel2,G:I7,10,CLU0120_MEC,CM,Study_Sample
Unknown,R250522_CLU0120_C18pos_055,K0818798_1,6,11,E:/Projects/CLU0120_250501_MEC_C18/1-Raw_Files/Batch_06_250522/,C:\Xcalibur\methods\Aria_C18_Methods\240408_C18pos_120k_BottomPump_Channel1,G:I9,7.5,CLU0120_MEC,CM,Study_Sample
Unknown,R250522_CLU0120_C18neg_055,K0818798_2,6,11,E:/Projects/CLU0120_250501_MEC_C18/1-Raw_Files/Batch_06_250522/,C:\Xcalibur\methods\Aria_C18_Methods\240408_C18neg_120k_TopPump_Channel2,G:I9,10,CLU0120_MEC,CM,Study_Sample
Unknown,R250522_CLU0120_C18pos_056,K0818789_1,6,11,E:/Projects/CLU0120_250501_MEC_C18/1-Raw_Files/Batch_06_250522/,C:\Xcalibur\methods\Aria_C18_Methods\240408_C18pos_120k_BottomPump_Channel1,G:I11,7.5,CLU0120_MEC,CM,Study_Sample
Unknown,R250522_CLU0120_C18neg_056,K0818789_2,6,11,E:/Projects/CLU0120_250501_MEC_C18/1-Raw_Files/Batch_06_250522/,C:\Xcalibur\methods\Aria_C18_Methods\240408_C18neg_120k_TopPump_Channel2,G:I11,10,CLU0120_MEC,CM,Study_Sample
Unknown,R250522_CLU0120_C18pos_057,K0818814_1,6,11,E:/Projects/CLU0120_250501_MEC_C18/1-Raw_Files/Batch_06_250522/,C:\Xcalibur\methods\Aria_C18_Methods\240408_C18pos_120k_BottomPump_Channel1,G:I13,7.5,CLU0120_MEC,CM,Study_Sample
Unknown,R250522_CLU0120_C18neg_057,K0818814_2,6,11,E:/Projects/CLU0120_250501_MEC_C18/1-Raw_Files/Batch_06_250522/,C:\Xcalibur\methods\Aria_C18_Methods\240408_C18neg_120k_TopPump_Channel2,G:I13,10,CLU0120_MEC,CM,Study_Sample
Unknown,R250522_CLU0120_C18pos_058,K0818805_1,6,11,E:/Projects/CLU0120_250501_MEC_C18/1-Raw_Files/Batch_06_250522/,C:\Xcalibur\methods\Aria_C18_Methods\240408_C18pos_120k_BottomPump_Channel1,G:I15,7.5,CLU0120_MEC,CM,Study_Sample
Unknown,R250522_CLU0120_C18neg_058,K0818805_2,6,11,E:/Projects/CLU0120_250501_MEC_C18/1-Raw_Files/Batch_06_250522/,C:\Xcalibur\methods\Aria_C18_Methods\240408_C18neg_120k_TopPump_Channel2,G:I15,10,CLU0120_MEC,CM,Study_Sample
Unknown,R250522_CLU0120_C18pos_059,K0818830_1,6,11,E:/Projects/CLU0120_250501_MEC_C18/1-Raw_Files/Batch_06_250522/,C:\Xcalibur\methods\Aria_C18_Methods\240408_C18pos_120k_BottomPump_Channel1,G:I17,7.5,CLU0120_MEC,CM,Study_Sample
Unknown,R250522_CLU0120_C18neg_059,K0818830_2,6,11,E:/Projects/CLU0120_250501_MEC_C18/1-Raw_Files/Batch_06_250522/,C:\Xcalibur\methods\Aria_C18_Methods\240408_C18neg_120k_TopPump_Channel2,G:I17,10,CLU0120_MEC,CM,Study_Sample
Unknown,R250522_CLU0120_C18pos_060,K0818821_1,6,11,E:/Projects/CLU0120_250501_MEC_C18/1-Raw_Files/Batch_06_250522/,C:\Xcalibur\methods\Aria_C18_Methods\240408_C18pos_120k_BottomPump_Channel1,G:I19,7.5,CLU0120_MEC,CM,Study_Sample
Unknown,R250522_CLU0120_C18neg_060,K0818821_2,6,11,E:/Projects/CLU0120_250501_MEC_C18/1-Raw_Files/Batch_06_250522/,C:\Xcalibur\methods\Aria_C18_Methods\240408_C18neg_120k_TopPump_Channel2,G:I19,10,CLU0120_MEC,CM,Study_Sample
Unknown,R250522_CLU0120_C18pos_061,K0818767_1,6,11,E:/Projects/CLU0120_250501_MEC_C18/1-Raw_Files/Batch_06_250522/,C:\Xcalibur\methods\Aria_C18_Methods\240408_C18pos_120k_BottomPump_Channel1,G:K1,7.5,CLU0120_MEC,CM,Study_Sample
Unknown,R250522_CLU0120_C18neg_061,K0818767_2,6,11,E:/Projects/CLU0120_250501_MEC_C18/1-Raw_Files/Batch_06_250522/,C:\Xcalibur\methods\Aria_C18_Methods\240408_C18neg_120k_TopPump_Channel2,G:K1,10,CLU0120_MEC,CM,Study_Sample
Unknown,R250522_CLU0120_C18pos_062,K0814763_1,6,11,E:/Projects/CLU0120_250501_MEC_C18/1-Raw_Files/Batch_06_250522/,C:\Xcalibur\methods\Aria_C18_Methods\240408_C18pos_120k_BottomPump_Channel1,G:K3,7.5,CLU0120_MEC,CM,Study_Sample
Unknown,R250522_CLU0120_C18neg_062,K0814763_2,6,11,E:/Projects/CLU0120_250501_MEC_C18/1-Raw_Files/Batch_06_250522/,C:\Xcalibur\methods\Aria_C18_Methods\240408_C18neg_120k_TopPump_Channel2,G:K3,10,CLU0120_MEC,CM,Study_Sample
Unknown,R250522_CLU0120_C18pos_063,K0818783_1,6,11,E:/Projects/CLU0120_250501_MEC_C18/1-Raw_Files/Batch_06_250522/,C:\Xcalibur\methods\Aria_C18_Methods\240408_C18pos_120k_BottomPump_Channel1,G:K5,7.5,CLU0120_MEC,CM,Study_Sample
Unknown,R250522_CLU0120_C18neg_063,K0818783_2,6,11,E:/Projects/CLU0120_250501_MEC_C18/1-Raw_Files/Batch_06_250522/,C:\Xcalibur\methods\Aria_C18_Methods\240408_C18neg_120k_TopPump_Channel2,G:K5,10,CLU0120_MEC,CM,Study_Sample
Unknown,R250522_CLU0120_C18pos_064,K0818774_1,6,11,E:/Projects/CLU0120_250501_MEC_C18/1-Raw_Files/Batch_06_250522/,C:\Xcalibur\methods\Aria_C18_Methods\240408_C18pos_120k_BottomPump_Channel1,G:K7,7.5,CLU0120_MEC,CM,Study_Sample
Unknown,R250522_CLU0120_C18neg_064,K0818774_2,6,11,E:/Projects/CLU0120_250501_MEC_C18/1-Raw_Files/Batch_06_250522/,C:\Xcalibur\methods\Aria_C18_Methods\240408_C18neg_120k_TopPump_Channel2,G:K7,10,CLU0120_MEC,CM,Study_Sample
Unknown,R250522_CLU0120_C18pos_065,K0818799_1,6,11,E:/Projects/CLU0120_250501_MEC_C18/1-Raw_Files/Batch_06_250522/,C:\Xcalibur\methods\Aria_C18_Methods\240408_C18pos_120k_BottomPump_Channel1,G:K9,7.5,CLU0120_MEC,CM,Study_Sample
Unknown,R250522_CLU0120_C18neg_065,K0818799_2,6,11,E:/Projects/CLU0120_250501_MEC_C18/1-Raw_Files/Batch_06_250522/,C:\Xcalibur\methods\Aria_C18_Methods\240408_C18neg_120k_TopPump_Channel2,G:K9,10,CLU0120_MEC,CM,Study_Sample
Unknown,R250522_CLU0120_C18pos_066,K0818790_1,6,11,E:/Projects/CLU0120_250501_MEC_C18/1-Raw_Files/Batch_06_250522/,C:\Xcalibur\methods\Aria_C18_Methods\240408_C18pos_120k_BottomPump_Channel1,G:K11,7.5,CLU0120_MEC,CM,Study_Sample
Unknown,R250522_CLU0120_C18neg_066,K0818790_2,6,11,E:/Projects/CLU0120_250501_MEC_C18/1-Raw_Files/Batch_06_250522/,C:\Xcalibur\methods\Aria_C18_Methods\240408_C18neg_120k_TopPump_Channel2,G:K11,10,CLU0120_MEC,CM,Study_Sample
Unknown,R250522_CLU0120_C18pos_067,K0818815_1,6,11,E:/Projects/CLU0120_250501_MEC_C18/1-Raw_Files/Batch_06_250522/,C:\Xcalibur\methods\Aria_C18_Methods\240408_C18pos_120k_BottomPump_Channel1,G:K13,7.5,CLU0120_MEC,CM,Study_Sample
Unknown,R250522_CLU0120_C18neg_067,K0818815_2,6,11,E:/Projects/CLU0120_250501_MEC_C18/1-Raw_Files/Batch_06_250522/,C:\Xcalibur\methods\Aria_C18_Methods\240408_C18neg_120k_TopPump_Channel2,G:K13,10,CLU0120_MEC,CM,Study_Sample
Unknown,R250522_CLU0120_C18pos_068,K0818806_1,6,11,E:/Projects/CLU0120_250501_MEC_C18/1-Raw_Files/Batch_06_250522/,C:\Xcalibur\methods\Aria_C18_Methods\240408_C18pos_120k_BottomPump_Channel1,G:K15,7.5,CLU0120_MEC,CM,Study_Sample
Unknown,R250522_CLU0120_C18neg_068,K0818806_2,6,11,E:/Projects/CLU0120_250501_MEC_C18/1-Raw_Files/Batch_06_250522/,C:\Xcalibur\methods\Aria_C18_Methods\240408_C18neg_120k_TopPump_Channel2,G:K15,10,CLU0120_MEC,CM,Study_Sample
Unknown,R250522_CLU0120_C18pos_069,K0818831_1,6,11,E:/Projects/CLU0120_250501_MEC_C18/1-Raw_Files/Batch_06_250522/,C:\Xcalibur\methods\Aria_C18_Methods\240408_C18pos_120k_BottomPump_Channel1,G:K17,7.5,CLU0120_MEC,CM,Study_Sample
Unknown,R250522_CLU0120_C18neg_069,K0818831_2,6,11,E:/Projects/CLU0120_250501_MEC_C18/1-Raw_Files/Batch_06_250522/,C:\Xcalibur\methods\Aria_C18_Methods\240408_C18neg_120k_TopPump_Channel2,G:K17,10,CLU0120_MEC,CM,Study_Sample
Unknown,R250522_CLU0120_C18pos_070,K0818822_1,6,11,E:/Projects/CLU0120_250501_MEC_C18/1-Raw_Files/Batch_06_250522/,C:\Xcalibur\methods\Aria_C18_Methods\240408_C18pos_120k_BottomPump_Channel1,G:K19,7.5,CLU0120_MEC,CM,Study_Sample
Unknown,R250522_CLU0120_C18neg_070,K0818822_2,6,11,E:/Projects/CLU0120_250501_MEC_C18/1-Raw_Files/Batch_06_250522/,C:\Xcalibur\methods\Aria_C18_Methods\240408_C18neg_120k_TopPump_Channel2,G:K19,10,CLU0120_MEC,CM,Study_Sample
Unknown,R250522_CLU0120_C18pos_071,HRE.p1Std.112020_06_04_1,6,11,E:/Projects/CLU0120_250501_MEC_C18/1-Raw_Files/Batch_06_250522/,C:\Xcalibur\methods\Aria_C18_Methods\240408_C18pos_120k_BottomPump_Channel1,G:J3,7.5,CLU0120_MEC,CM,HRE_Pool
Unknown,R250522_CLU0120_C18neg_071,HRE.p1Std.112020_06_04_2,6,11,E:/Projects/CLU0120_250501_MEC_C18/1-Raw_Files/Batch_06_250522/,C:\Xcalibur\methods\Aria_C18_Methods\240408_C18neg_120k_TopPump_Channel2,G:J3,10,CLU0120_MEC,CM,HRE_Pool
Unknown,R250522_CLU0120_C18pos_072,HRE.p2Std.112020_06_04_1,6,11,E:/Projects/CLU0120_250501_MEC_C18/1-Raw_Files/Batch_06_250522/,C:\Xcalibur\methods\Aria_C18_Methods\240408_C18pos_120k_BottomPump_Channel1,G:N5,7.5,CLU0120_MEC,CM,HRE_Pool
Unknown,R250522_CLU0120_C18neg_072,HRE.p2Std.112020_06_04_2,6,11,E:/Projects/CLU0120_250501_MEC_C18/1-Raw_Files/Batch_06_250522/,C:\Xcalibur\methods\Aria_C18_Methods\240408_C18neg_120k_TopPump_Channel2,G:N5,10,CLU0120_MEC,CM,HRE_Pool
Unknown,R250522_CLU0120_C18pos_073,K0818768_1,6,11,E:/Projects/CLU0120_250501_MEC_C18/1-Raw_Files/Batch_06_250522/,C:\Xcalibur\methods\Aria_C18_Methods\240408_C18pos_120k_BottomPump_Channel1,G:M1,7.5,CLU0120_MEC,CM,Study_Sample
Unknown,R250522_CLU0120_C18neg_073,K0818768_2,6,11,E:/Projects/CLU0120_250501_MEC_C18/1-Raw_Files/Batch_06_250522/,C:\Xcalibur\methods\Aria_C18_Methods\240408_C18neg_120k_TopPump_Channel2,G:M1,10,CLU0120_MEC,CM,Study_Sample
Unknown,R250522_CLU0120_C18pos_074,K0818759_1,6,11,E:/Projects/CLU0120_250501_MEC_C18/1-Raw_Files/Batch_06_250522/,C:\Xcalibur\methods\Aria_C18_Methods\240408_C18pos_120k_BottomPump_Channel1,G:M3,7.5,CLU0120_MEC,CM,Study_Sample
Unknown,R250522_CLU0120_C18neg_074,K0818759_2,6,11,E:/Projects/CLU0120_250501_MEC_C18/1-Raw_Files/Batch_06_250522/,C:\Xcalibur\methods\Aria_C18_Methods\240408_C18neg_120k_TopPump_Channel2,G:M3,10,CLU0120_MEC,CM,Study_Sample
Unknown,R250522_CLU0120_C18pos_075,K0818784_1,6,11,E:/Projects/CLU0120_250501_MEC_C18/1-Raw_Files/Batch_06_250522/,C:\Xcalibur\methods\Aria_C18_Methods\240408_C18pos_120k_BottomPump_Channel1,G:M5,7.5,CLU0120_MEC,CM,Study_Sample
Unknown,R250522_CLU0120_C18neg_075,K0818784_2,6,11,E:/Projects/CLU0120_250501_MEC_C18/1-Raw_Files/Batch_06_250522/,C:\Xcalibur\methods\Aria_C18_Methods\240408_C18neg_120k_TopPump_Channel2,G:M5,10,CLU0120_MEC,CM,Study_Sample
Unknown,R250522_CLU0120_C18pos_076,K0818775_1,6,11,E:/Projects/CLU0120_250501_MEC_C18/1-Raw_Files/Batch_06_250522/,C:\Xcalibur\methods\Aria_C18_Methods\240408_C18pos_120k_BottomPump_Channel1,G:M7,7.5,CLU0120_MEC,CM,Study_Sample
Unknown,R250522_CLU0120_C18neg_076,K0818775_2,6,11,E:/Projects/CLU0120_250501_MEC_C18/1-Raw_Files/Batch_06_250522/,C:\Xcalibur\methods\Aria_C18_Methods\240408_C18neg_120k_TopPump_Channel2,G:M7,10,CLU0120_MEC,CM,Study_Sample
Unknown,R250522_CLU0120_C18pos_077,K0818800_1,6,11,E:/Projects/CLU0120_250501_MEC_C18/1-Raw_Files/Batch_06_250522/,C:\Xcalibur\methods\Aria_C18_Methods\240408_C18pos_120k_BottomPump_Channel1,G:M9,7.5,CLU0120_MEC,CM,Study_Sample
Unknown,R250522_CLU0120_C18neg_077,K0818800_2,6,11,E:/Projects/CLU0120_250501_MEC_C18/1-Raw_Files/Batch_06_250522/,C:\Xcalibur\methods\Aria_C18_Methods\240408_C18neg_120k_TopPump_Channel2,G:M9,10,CLU0120_MEC,CM,Study_Sample
Unknown,R250522_CLU0120_C18pos_078,K0818791_1,6,11,E:/Projects/CLU0120_250501_MEC_C18/1-Raw_Files/Batch_06_250522/,C:\Xcalibur\methods\Aria_C18_Methods\240408_C18pos_120k_BottomPump_Channel1,G:M11,7.5,CLU0120_MEC,CM,Study_Sample
Unknown,R250522_CLU0120_C18neg_078,K0818791_2,6,11,E:/Projects/CLU0120_250501_MEC_C18/1-Raw_Files/Batch_06_250522/,C:\Xcalibur\methods\Aria_C18_Methods\240408_C18neg_120k_TopPump_Channel2,G:M11,10,CLU0120_MEC,CM,Study_Sample
Unknown,R250522_CLU0120_C18pos_079,K0818816_1,6,11,E:/Projects/CLU0120_250501_MEC_C18/1-Raw_Files/Batch_06_250522/,C:\Xcalibur\methods\Aria_C18_Methods\240408_C18pos_120k_BottomPump_Channel1,G:M13,7.5,CLU0120_MEC,CM,Study_Sample
Unknown,R250522_CLU0120_C18neg_079,K0818816_2,6,11,E:/Projects/CLU0120_250501_MEC_C18/1-Raw_Files/Batch_06_250522/,C:\Xcalibur\methods\Aria_C18_Methods\240408_C18neg_120k_TopPump_Channel2,G:M13,10,CLU0120_MEC,CM,Study_Sample
Unknown,R250522_CLU0120_C18pos_080,K0818807_1,6,11,E:/Projects/CLU0120_250501_MEC_C18/1-Raw_Files/Batch_06_250522/,C:\Xcalibur\methods\Aria_C18_Methods\240408_C18pos_120k_BottomPump_Channel1,G:M15,7.5,CLU0120_MEC,CM,Study_Sample
Unknown,R250522_CLU0120_C18neg_080,K0818807_2,6,11,E:/Projects/CLU0120_250501_MEC_C18/1-Raw_Files/Batch_06_250522/,C:\Xcalibur\methods\Aria_C18_Methods\240408_C18neg_120k_TopPump_Channel2,G:M15,10,CLU0120_MEC,CM,Study_Sample
Unknown,R250522_CLU0120_C18pos_081,K0818832_1,6,11,E:/Projects/CLU0120_250501_MEC_C18/1-Raw_Files/Batch_06_250522/,C:\Xcalibur\methods\Aria_C18_Methods\240408_C18pos_120k_BottomPump_Channel1,G:M17,7.5,CLU0120_MEC,CM,Study_Sample
Unknown,R250522_CLU0120_C18neg_081,K0818832_2,6,11,E:/Projects/CLU0120_250501_MEC_C18/1-Raw_Files/Batch_06_250522/,C:\Xcalibur\methods\Aria_C18_Methods\240408_C18neg_120k_TopPump_Channel2,G:M17,10,CLU0120_MEC,CM,Study_Sample
Unknown,R250522_CLU0120_C18pos_082,K0754683_1,6,11,E:/Projects/CLU0120_250501_MEC_C18/1-Raw_Files/Batch_06_250522/,C:\Xcalibur\methods\Aria_C18_Methods\240408_C18pos_120k_BottomPump_Channel1,G:M19,7.5,CLU0120_MEC,CM,Study_Sample
Unknown,R250522_CLU0120_C18neg_082,K0754683_2,6,11,E:/Projects/CLU0120_250501_MEC_C18/1-Raw_Files/Batch_06_250522/,C:\Xcalibur\methods\Aria_C18_Methods\240408_C18neg_120k_TopPump_Channel2,G:M19,10,CLU0120_MEC,CM,Study_Sample
Unknown,R250522_CLU0120_C18pos_083,K0818769_1,6,11,E:/Projects/CLU0120_250501_MEC_C18/1-Raw_Files/Batch_06_250522/,C:\Xcalibur\methods\Aria_C18_Methods\240408_C18pos_120k_BottomPump_Channel1,G:O1,7.5,CLU0120_MEC,CM,Study_Sample
Unknown,R250522_CLU0120_C18neg_083,K0818769_2,6,11,E:/Projects/CLU0120_250501_MEC_C18/1-Raw_Files/Batch_06_250522/,C:\Xcalibur\methods\Aria_C18_Methods\240408_C18neg_120k_TopPump_Channel2,G:O1,10,CLU0120_MEC,CM,Study_Sample
Unknown,R250522_CLU0120_C18pos_084,K0818760_1,6,11,E:/Projects/CLU0120_250501_MEC_C18/1-Raw_Files/Batch_06_250522/,C:\Xcalibur\methods\Aria_C18_Methods\240408_C18pos_120k_BottomPump_Channel1,G:O3,7.5,CLU0120_MEC,CM,Study_Sample
Unknown,R250522_CLU0120_C18neg_084,K0818760_2,6,11,E:/Projects/CLU0120_250501_MEC_C18/1-Raw_Files/Batch_06_250522/,C:\Xcalibur\methods\Aria_C18_Methods\240408_C18neg_120k_TopPump_Channel2,G:O3,10,CLU0120_MEC,CM,Study_Sample
Unknown,R250522_CLU0120_C18pos_085,K0818785_1,6,11,E:/Projects/CLU0120_250501_MEC_C18/1-Raw_Files/Batch_06_250522/,C:\Xcalibur\methods\Aria_C18_Methods\240408_C18pos_120k_BottomPump_Channel1,G:O5,7.5,CLU0120_MEC,CM,Study_Sample
Unknown,R250522_CLU0120_C18neg_085,K0818785_2,6,11,E:/Projects/CLU0120_250501_MEC_C18/1-Raw_Files/Batch_06_250522/,C:\Xcalibur\methods\Aria_C18_Methods\240408_C18neg_120k_TopPump_Channel2,G:O5,10,CLU0120_MEC,CM,Study_Sample
Unknown,R250522_CLU0120_C18pos_086,K0818776_1,6,11,E:/Projects/CLU0120_250501_MEC_C18/1-Raw_Files/Batch_06_250522/,C:\Xcalibur\methods\Aria_C18_Methods\240408_C18pos_120k_BottomPump_Channel1,G:O7,7.5,CLU0120_MEC,CM,Study_Sample
Unknown,R250522_CLU0120_C18neg_086,K0818776_2,6,11,E:/Projects/CLU0120_250501_MEC_C18/1-Raw_Files/Batch_06_250522/,C:\Xcalibur\methods\Aria_C18_Methods\240408_C18neg_120k_TopPump_Channel2,G:O7,10,CLU0120_MEC,CM,Study_Sample
Unknown,R250522_CLU0120_C18pos_087,K0818801_1,6,11,E:/Projects/CLU0120_250501_MEC_C18/1-Raw_Files/Batch_06_250522/,C:\Xcalibur\methods\Aria_C18_Methods\240408_C18pos_120k_BottomPump_Channel1,G:O9,7.5,CLU0120_MEC,CM,Study_Sample
Unknown,R250522_CLU0120_C18neg_087,K0818801_2,6,11,E:/Projects/CLU0120_250501_MEC_C18/1-Raw_Files/Batch_06_250522/,C:\Xcalibur\methods\Aria_C18_Methods\240408_C18neg_120k_TopPump_Channel2,G:O9,10,CLU0120_MEC,CM,Study_Sample
Unknown,R250522_CLU0120_C18pos_088,K0818792_1,6,11,E:/Projects/CLU0120_250501_MEC_C18/1-Raw_Files/Batch_06_250522/,C:\Xcalibur\methods\Aria_C18_Methods\240408_C18pos_120k_BottomPump_Channel1,G:O11,7.5,CLU0120_MEC,CM,Study_Sample
Unknown,R250522_CLU0120_C18neg_088,K0818792_2,6,11,E:/Projects/CLU0120_250501_MEC_C18/1-Raw_Files/Batch_06_250522/,C:\Xcalibur\methods\Aria_C18_Methods\240408_C18neg_120k_TopPump_Channel2,G:O11,10,CLU0120_MEC,CM,Study_Sample
Unknown,R250522_CLU0120_C18pos_089,K0818817_1,6,11,E:/Projects/CLU0120_250501_MEC_C18/1-Raw_Files/Batch_06_250522/,C:\Xcalibur\methods\Aria_C18_Methods\240408_C18pos_120k_BottomPump_Channel1,G:O13,7.5,CLU0120_MEC,CM,Study_Sample
Unknown,R250522_CLU0120_C18neg_089,K0818817_2,6,11,E:/Projects/CLU0120_250501_MEC_C18/1-Raw_Files/Batch_06_250522/,C:\Xcalibur\methods\Aria_C18_Methods\240408_C18neg_120k_TopPump_Channel2,G:O13,10,CLU0120_MEC,CM,Study_Sample
Unknown,R250522_CLU0120_C18pos_090,K0818808_1,6,11,E:/Projects/CLU0120_250501_MEC_C18/1-Raw_Files/Batch_06_250522/,C:\Xcalibur\methods\Aria_C18_Methods\240408_C18pos_120k_BottomPump_Channel1,G:O15,7.5,CLU0120_MEC,CM,Study_Sample
Unknown,R250522_CLU0120_C18neg_090,K0818808_2,6,11,E:/Projects/CLU0120_250501_MEC_C18/1-Raw_Files/Batch_06_250522/,C:\Xcalibur\methods\Aria_C18_Methods\240408_C18neg_120k_TopPump_Channel2,G:O15,10,CLU0120_MEC,CM,Study_Sample
Unknown,R250522_CLU0120_C18pos_091,K0818833_1,6,11,E:/Projects/CLU0120_250501_MEC_C18/1-Raw_Files/Batch_06_250522/,C:\Xcalibur\methods\Aria_C18_Methods\240408_C18pos_120k_BottomPump_Channel1,G:O17,7.5,CLU0120_MEC,CM,Study_Sample
Unknown,R250522_CLU0120_C18neg_091,K0818833_2,6,11,E:/Projects/CLU0120_250501_MEC_C18/1-Raw_Files/Batch_06_250522/,C:\Xcalibur\methods\Aria_C18_Methods\240408_C18neg_120k_TopPump_Channel2,G:O17,10,CLU0120_MEC,CM,Study_Sample
Unknown,R250522_CLU0120_C18pos_092,K0818824_1,6,11,E:/Projects/CLU0120_250501_MEC_C18/1-Raw_Files/Batch_06_250522/,C:\Xcalibur\methods\Aria_C18_Methods\240408_C18pos_120k_BottomPump_Channel1,G:O19,7.5,CLU0120_MEC,CM,Study_Sample
Unknown,R250522_CLU0120_C18neg_092,K0818824_2,6,11,E:/Projects/CLU0120_250501_MEC_C18/1-Raw_Files/Batch_06_250522/,C:\Xcalibur\methods\Aria_C18_Methods\240408_C18neg_120k_TopPump_Channel2,G:O19,10,CLU0120_MEC,CM,Study_Sample
Unknown,R250522_CLU0120_C18pos_093,HRE.p1Std.112020_06_05_1,6,11,E:/Projects/CLU0120_250501_MEC_C18/1-Raw_Files/Batch_06_250522/,C:\Xcalibur\methods\Aria_C18_Methods\240408_C18pos_120k_BottomPump_Channel1,G:L3,7.5,CLU0120_MEC,CM,HRE_Pool
Unknown,R250522_CLU0120_C18neg_093,HRE.p1Std.112020_06_05_2,6,11,E:/Projects/CLU0120_250501_MEC_C18/1-Raw_Files/Batch_06_250522/,C:\Xcalibur\methods\Aria_C18_Methods\240408_C18neg_120k_TopPump_Channel2,G:L3,10,CLU0120_MEC,CM,HRE_Pool
Unknown,R250522_CLU0120_C18pos_094,HRE.p2Std.112020_06_05_1,6,11,E:/Projects/CLU0120_250501_MEC_C18/1-Raw_Files/Batch_06_250522/,C:\Xcalibur\methods\Aria_C18_Methods\240408_C18pos_120k_BottomPump_Channel1,G:P5,7.5,CLU0120_MEC,CM,HRE_Pool
Unknown,R250522_CLU0120_C18neg_094,HRE.p2Std.112020_06_05_2,6,11,E:/Projects/CLU0120_250501_MEC_C18/1-Raw_Files/Batch_06_250522/,C:\Xcalibur\methods\Aria_C18_Methods\240408_C18neg_120k_TopPump_Channel2,G:P5,10,CLU0120_MEC,CM,HRE_Pool
Unknown,R250522_CLU0120_C18pos_095,Instrument_Blank_06_02_1,6,11,E:/Projects/CLU0120_250501_MEC_C18/1-Raw_Files/Batch_06_250522/,C:\Xcalibur\methods\Aria_C18_Methods\240408_C18pos_120k_BottomPump_Channel1,Y:A3,0,CLU0120_MEC,CM,Cal_Std
Unknown,R250522_CLU0120_C18neg_095,Instrument_Blank_06_02_2,6,11,E:/Projects/CLU0120_250501_MEC_C18/1-Raw_Files/Batch_06_250522/,C:\Xcalibur\methods\Aria_C18_Methods\240408_C18neg_120k_TopPump_Channel2,Y:A3,0,CLU0120_MEC,CM,Cal_Std
Unknown,R250522_CLU0120_C18pos_096,FBS_0ng-mL_06_1,6,11,E:/Projects/CLU0120_250501_MEC_C18/1-Raw_Files/Batch_06_250522/,C:\Xcalibur\methods\Aria_C18_Methods\240408_C18pos_120k_BottomPump_Channel1,G:B1,7.5,CLU0120_MEC,CM,Cal_Std
Unknown,R250522_CLU0120_C18neg_096,FBS_0ng-mL_06_2,6,11,E:/Projects/CLU0120_250501_MEC_C18/1-Raw_Files/Batch_06_250522/,C:\Xcalibur\methods\Aria_C18_Methods\240408_C18neg_120k_TopPump_Channel2,G:B1,10,CLU0120_MEC,CM,Cal_Std
Unknown,R250522_CLU0120_C18pos_097,FBS_0.05ng-mL_06_1,6,11,E:/Projects/CLU0120_250501_MEC_C18/1-Raw_Files/Batch_06_250522/,C:\Xcalibur\methods\Aria_C18_Methods\240408_C18pos_120k_BottomPump_Channel1,G:D1,7.5,CLU0120_MEC,CM,Cal_Std
Unknown,R250522_CLU0120_C18neg_097,FBS_0.05ng-mL_06_2,6,11,E:/Projects/CLU0120_250501_MEC_C18/1-Raw_Files/Batch_06_250522/,C:\Xcalibur\methods\Aria_C18_Methods\240408_C18neg_120k_TopPump_Channel2,G:D1,10,CLU0120_MEC,CM,Cal_Std
Unknown,R250522_CLU0120_C18pos_098,FBS_0.1ng-mL_06_1,6,11,E:/Projects/CLU0120_250501_MEC_C18/1-Raw_Files/Batch_06_250522/,C:\Xcalibur\methods\Aria_C18_Methods\240408_C18pos_120k_BottomPump_Channel1,G:F1,7.5,CLU0120_MEC,CM,Cal_Std
Unknown,R250522_CLU0120_C18neg_098,FBS_0.1ng-mL_06_2,6,11,E:/Projects/CLU0120_250501_MEC_C18/1-Raw_Files/Batch_06_250522/,C:\Xcalibur\methods\Aria_C18_Methods\240408_C18neg_120k_TopPump_Channel2,G:F1,10,CLU0120_MEC,CM,Cal_Std
Unknown,R250522_CLU0120_C18pos_099,FBS_0.5ng-mL_06_1,6,11,E:/Projects/CLU0120_250501_MEC_C18/1-Raw_Files/Batch_06_250522/,C:\Xcalibur\methods\Aria_C18_Methods\240408_C18pos_120k_BottomPump_Channel1,G:H1,7.5,CLU0120_MEC,CM,Cal_Std
Unknown,R250522_CLU0120_C18neg_099,FBS_0.5ng-mL_06_2,6,11,E:/Projects/CLU0120_250501_MEC_C18/1-Raw_Files/Batch_06_250522/,C:\Xcalibur\methods\Aria_C18_Methods\240408_C18neg_120k_TopPump_Channel2,G:H1,10,CLU0120_MEC,CM,Cal_Std
Unknown,R250522_CLU0120_C18pos_100,FBS_1ng-mL_06_1,6,12,E:/Projects/CLU0120_250501_MEC_C18/1-Raw_Files/Batch_06_250522/,C:\Xcalibur\methods\Aria_C18_Methods\240408_C18pos_120k_BottomPump_Channel1,G:J1,7.5,CLU0120_MEC,CM,Cal_Std
Unknown,R250522_CLU0120_C18neg_100,FBS_1ng-mL_06_2,6,12,E:/Projects/CLU0120_250501_MEC_C18/1-Raw_Files/Batch_06_250522/,C:\Xcalibur\methods\Aria_C18_Methods\240408_C18neg_120k_TopPump_Channel2,G:J1,10,CLU0120_MEC,CM,Cal_Std
Unknown,R250522_CLU0120_C18pos_101,FBS_5ng-mL_06_1,6,12,E:/Projects/CLU0120_250501_MEC_C18/1-Raw_Files/Batch_06_250522/,C:\Xcalibur\methods\Aria_C18_Methods\240408_C18pos_120k_BottomPump_Channel1,G:L1,7.5,CLU0120_MEC,CM,Cal_Std
Unknown,R250522_CLU0120_C18neg_101,FBS_5ng-mL_06_2,6,12,E:/Projects/CLU0120_250501_MEC_C18/1-Raw_Files/Batch_06_250522/,C:\Xcalibur\methods\Aria_C18_Methods\240408_C18neg_120k_TopPump_Channel2,G:L1,10,CLU0120_MEC,CM,Cal_Std
Unknown,R250522_CLU0120_C18pos_102,FBS_10ng-mL_06_1,6,12,E:/Projects/CLU0120_250501_MEC_C18/1-Raw_Files/Batch_06_250522/,C:\Xcalibur\methods\Aria_C18_Methods\240408_C18pos_120k_BottomPump_Channel1,G:N1,7.5,CLU0120_MEC,CM,Cal_Std
Unknown,R250522_CLU0120_C18neg_102,FBS_10ng-mL_06_2,6,12,E:/Projects/CLU0120_250501_MEC_C18/1-Raw_Files/Batch_06_250522/,C:\Xcalibur\methods\Aria_C18_Methods\240408_C18neg_120k_TopPump_Channel2,G:N1,10,CLU0120_MEC,CM,Cal_Std
Unknown,R250522_CLU0120_C18pos_103,FBS_40ng-mL_06_1,6,12,E:/Projects/CLU0120_250501_MEC_C18/1-Raw_Files/Batch_06_250522/,C:\Xcalibur\methods\Aria_C18_Methods\240408_C18pos_120k_BottomPump_Channel1,G:B3,7.5,CLU0120_MEC,CM,Cal_Std
Unknown,R250522_CLU0120_C18neg_103,FBS_40ng-mL_06_2,6,12,E:/Projects/CLU0120_250501_MEC_C18/1-Raw_Files/Batch_06_250522/,C:\Xcalibur\methods\Aria_C18_Methods\240408_C18neg_120k_TopPump_Channel2,G:B3,10,CLU0120_MEC,CM,Cal_Std
Unknown,R250522_CLU0120_C18pos_104,Instrument_Blank_06_03_1,6,12,E:/Projects/CLU0120_250501_MEC_C18/1-Raw_Files/Batch_06_250522/,C:\Xcalibur\methods\Aria_C18_Methods\240408_C18pos_120k_BottomPump_Channel1,Y:A3,0,CLU0120_MEC,CM,Cal_Std
Unknown,R250522_CLU0120_C18neg_104,Instrument_Blank_06_03_2,6,12,E:/Projects/CLU0120_250501_MEC_C18/1-Raw_Files/Batch_06_250522/,C:\Xcalibur\methods\Aria_C18_Methods\240408_C18neg_120k_TopPump_Channel2,Y:A3,0,CLU0120_MEC,CM,Cal_Std
Unknown,R250522_CLU0120_C18pos_105,HRE.p1Std.112020_06_06_1,6,12,E:/Projects/CLU0120_250501_MEC_C18/1-Raw_Files/Batch_06_250522/,C:\Xcalibur\methods\Aria_C18_Methods\240408_C18pos_120k_BottomPump_Channel1,G:N3,7.5,CLU0120_MEC,CM,HRE_Pool
Unknown,R250522_CLU0120_C18neg_105,HRE.p1Std.112020_06_06_2,6,12,E:/Projects/CLU0120_250501_MEC_C18/1-Raw_Files/Batch_06_250522/,C:\Xcalibur\methods\Aria_C18_Methods\240408_C18neg_120k_TopPump_Channel2,G:N3,10,CLU0120_MEC,CM,HRE_Pool
Unknown,R250522_CLU0120_C18pos_106,HRE.p2Std.112020_06_06_1,6,12,E:/Projects/CLU0120_250501_MEC_C18/1-Raw_Files/Batch_06_250522/,C:\Xcalibur\methods\Aria_C18_Methods\240408_C18pos_120k_BottomPump_Channel1,G:B7,7.5,CLU0120_MEC,CM,HRE_Pool
Unknown,R250522_CLU0120_C18neg_106,HRE.p2Std.112020_06_06_2,6,12,E:/Projects/CLU0120_250501_MEC_C18/1-Raw_Files/Batch_06_250522/,C:\Xcalibur\methods\Aria_C18_Methods\240408_C18neg_120k_TopPump_Channel2,G:B7,10,CLU0120_MEC,CM,HRE_Pool
Unknown,R250522_CLU0120_C18pos_107,K0818770_1,6,12,E:/Projects/CLU0120_250501_MEC_C18/1-Raw_Files/Batch_06_250522/,C:\Xcalibur\methods\Aria_C18_Methods\240408_C18pos_120k_BottomPump_Channel1,G:A2,7.5,CLU0120_MEC,CM,Study_Sample
Unknown,R250522_CLU0120_C18neg_107,K0818770_2,6,12,E:/Projects/CLU0120_250501_MEC_C18/1-Raw_Files/Batch_06_250522/,C:\Xcalibur\methods\Aria_C18_Methods\240408_C18neg_120k_TopPump_Channel2,G:A2,10,CLU0120_MEC,CM,Study_Sample
Unknown,R250522_CLU0120_C18pos_108,K0818761_1,6,12,E:/Projects/CLU0120_250501_MEC_C18/1-Raw_Files/Batch_06_250522/,C:\Xcalibur\methods\Aria_C18_Methods\240408_C18pos_120k_BottomPump_Channel1,G:A4,7.5,CLU0120_MEC,CM,Study_Sample
Unknown,R250522_CLU0120_C18neg_108,K0818761_2,6,12,E:/Projects/CLU0120_250501_MEC_C18/1-Raw_Files/Batch_06_250522/,C:\Xcalibur\methods\Aria_C18_Methods\240408_C18neg_120k_TopPump_Channel2,G:A4,10,CLU0120_MEC,CM,Study_Sample
Unknown,R250522_CLU0120_C18pos_109,K0818786_1,6,12,E:/Projects/CLU0120_250501_MEC_C18/1-Raw_Files/Batch_06_250522/,C:\Xcalibur\methods\Aria_C18_Methods\240408_C18pos_120k_BottomPump_Channel1,G:A6,7.5,CLU0120_MEC,CM,Study_Sample
Unknown,R250522_CLU0120_C18neg_109,K0818786_2,6,12,E:/Projects/CLU0120_250501_MEC_C18/1-Raw_Files/Batch_06_250522/,C:\Xcalibur\methods\Aria_C18_Methods\240408_C18neg_120k_TopPump_Channel2,G:A6,10,CLU0120_MEC,CM,Study_Sample
Unknown,R250522_CLU0120_C18pos_110,K0818777_1,6,12,E:/Projects/CLU0120_250501_MEC_C18/1-Raw_Files/Batch_06_250522/,C:\Xcalibur\methods\Aria_C18_Methods\240408_C18pos_120k_BottomPump_Channel1,G:A8,7.5,CLU0120_MEC,CM,Study_Sample
Unknown,R250522_CLU0120_C18neg_110,K0818777_2,6,12,E:/Projects/CLU0120_250501_MEC_C18/1-Raw_Files/Batch_06_250522/,C:\Xcalibur\methods\Aria_C18_Methods\240408_C18neg_120k_TopPump_Channel2,G:A8,10,CLU0120_MEC,CM,Study_Sample
Unknown,R250522_CLU0120_C18pos_111,K0818802_1,6,12,E:/Projects/CLU0120_250501_MEC_C18/1-Raw_Files/Batch_06_250522/,C:\Xcalibur\methods\Aria_C18_Methods\240408_C18pos_120k_BottomPump_Channel1,G:A10,7.5,CLU0120_MEC,CM,Study_Sample
Unknown,R250522_CLU0120_C18neg_111,K0818802_2,6,12,E:/Projects/CLU0120_250501_MEC_C18/1-Raw_Files/Batch_06_250522/,C:\Xcalibur\methods\Aria_C18_Methods\240408_C18neg_120k_TopPump_Channel2,G:A10,10,CLU0120_MEC,CM,Study_Sample
Unknown,R250522_CLU0120_C18pos_112,K0818793_1,6,12,E:/Projects/CLU0120_250501_MEC_C18/1-Raw_Files/Batch_06_250522/,C:\Xcalibur\methods\Aria_C18_Methods\240408_C18pos_120k_BottomPump_Channel1,G:A12,7.5,CLU0120_MEC,CM,Study_Sample
Unknown,R250522_CLU0120_C18neg_112,K0818793_2,6,12,E:/Projects/CLU0120_250501_MEC_C18/1-Raw_Files/Batch_06_250522/,C:\Xcalibur\methods\Aria_C18_Methods\240408_C18neg_120k_TopPump_Channel2,G:A12,10,CLU0120_MEC,CM,Study_Sample
Unknown,R250522_CLU0120_C18pos_113,K0818818_1,6,12,E:/Projects/CLU0120_250501_MEC_C18/1-Raw_Files/Batch_06_250522/,C:\Xcalibur\methods\Aria_C18_Methods\240408_C18pos_120k_BottomPump_Channel1,G:A14,7.5,CLU0120_MEC,CM,Study_Sample
Unknown,R250522_CLU0120_C18neg_113,K0818818_2,6,12,E:/Projects/CLU0120_250501_MEC_C18/1-Raw_Files/Batch_06_250522/,C:\Xcalibur\methods\Aria_C18_Methods\240408_C18neg_120k_TopPump_Channel2,G:A14,10,CLU0120_MEC,CM,Study_Sample
Unknown,R250522_CLU0120_C18pos_114,K0818809_1,6,12,E:/Projects/CLU0120_250501_MEC_C18/1-Raw_Files/Batch_06_250522/,C:\Xcalibur\methods\Aria_C18_Methods\240408_C18pos_120k_BottomPump_Channel1,G:A16,7.5,CLU0120_MEC,CM,Study_Sample
Unknown,R250522_CLU0120_C18neg_114,K0818809_2,6,12,E:/Projects/CLU0120_250501_MEC_C18/1-Raw_Files/Batch_06_250522/,C:\Xcalibur\methods\Aria_C18_Methods\240408_C18neg_120k_TopPump_Channel2,G:A16,10,CLU0120_MEC,CM,Study_Sample
Unknown,R250522_CLU0120_C18pos_115,K0818834_1,6,12,E:/Projects/CLU0120_250501_MEC_C18/1-Raw_Files/Batch_06_250522/,C:\Xcalibur\methods\Aria_C18_Methods\240408_C18pos_120k_BottomPump_Channel1,G:A18,7.5,CLU0120_MEC,CM,Study_Sample
Unknown,R250522_CLU0120_C18neg_115,K0818834_2,6,12,E:/Projects/CLU0120_250501_MEC_C18/1-Raw_Files/Batch_06_250522/,C:\Xcalibur\methods\Aria_C18_Methods\240408_C18neg_120k_TopPump_Channel2,G:A18,10,CLU0120_MEC,CM,Study_Sample
Unknown,R250522_CLU0120_C18pos_116,K0818825_1,6,12,E:/Projects/CLU0120_250501_MEC_C18/1-Raw_Files/Batch_06_250522/,C:\Xcalibur\methods\Aria_C18_Methods\240408_C18pos_120k_BottomPump_Channel1,G:A20,7.5,CLU0120_MEC,CM,Study_Sample
Unknown,R250522_CLU0120_C18neg_116,K0818825_2,6,12,E:/Projects/CLU0120_250501_MEC_C18/1-Raw_Files/Batch_06_250522/,C:\Xcalibur\methods\Aria_C18_Methods\240408_C18neg_120k_TopPump_Channel2,G:A20,10,CLU0120_MEC,CM,Study_Sample
Unknown,R250522_CLU0120_C18pos_117,K0818771_1,6,12,E:/Projects/CLU0120_250501_MEC_C18/1-Raw_Files/Batch_06_250522/,C:\Xcalibur\methods\Aria_C18_Methods\240408_C18pos_120k_BottomPump_Channel1,G:C2,7.5,CLU0120_MEC,CM,Study_Sample
Unknown,R250522_CLU0120_C18neg_117,K0818771_2,6,12,E:/Projects/CLU0120_250501_MEC_C18/1-Raw_Files/Batch_06_250522/,C:\Xcalibur\methods\Aria_C18_Methods\240408_C18neg_120k_TopPump_Channel2,G:C2,10,CLU0120_MEC,CM,Study_Sample
Unknown,R250522_CLU0120_C18pos_118,K0818762_1,6,12,E:/Projects/CLU0120_250501_MEC_C18/1-Raw_Files/Batch_06_250522/,C:\Xcalibur\methods\Aria_C18_Methods\240408_C18pos_120k_BottomPump_Channel1,G:C4,7.5,CLU0120_MEC,CM,Study_Sample
Unknown,R250522_CLU0120_C18neg_118,K0818762_2,6,12,E:/Projects/CLU0120_250501_MEC_C18/1-Raw_Files/Batch_06_250522/,C:\Xcalibur\methods\Aria_C18_Methods\240408_C18neg_120k_TopPump_Channel2,G:C4,10,CLU0120_MEC,CM,Study_Sample
Unknown,R250522_CLU0120_C18pos_119,K0818787_1,6,12,E:/Projects/CLU0120_250501_MEC_C18/1-Raw_Files/Batch_06_250522/,C:\Xcalibur\methods\Aria_C18_Methods\240408_C18pos_120k_BottomPump_Channel1,G:C6,7.5,CLU0120_MEC,CM,Study_Sample
Unknown,R250522_CLU0120_C18neg_119,K0818787_2,6,12,E:/Projects/CLU0120_250501_MEC_C18/1-Raw_Files/Batch_06_250522/,C:\Xcalibur\methods\Aria_C18_Methods\240408_C18neg_120k_TopPump_Channel2,G:C6,10,CLU0120_MEC,CM,Study_Sample
Unknown,R250522_CLU0120_C18pos_120,K0818778_1,6,12,E:/Projects/CLU0120_250501_MEC_C18/1-Raw_Files/Batch_06_250522/,C:\Xcalibur\methods\Aria_C18_Methods\240408_C18pos_120k_BottomPump_Channel1,G:C8,7.5,CLU0120_MEC,CM,Study_Sample
Unknown,R250522_CLU0120_C18neg_120,K0818778_2,6,12,E:/Projects/CLU0120_250501_MEC_C18/1-Raw_Files/Batch_06_250522/,C:\Xcalibur\methods\Aria_C18_Methods\240408_C18neg_120k_TopPump_Channel2,G:C8,10,CLU0120_MEC,CM,Study_Sample
Unknown,R250522_CLU0120_C18pos_121,K0818803_1,6,12,E:/Projects/CLU0120_250501_MEC_C18/1-Raw_Files/Batch_06_250522/,C:\Xcalibur\methods\Aria_C18_Methods\240408_C18pos_120k_BottomPump_Channel1,G:C10,7.5,CLU0120_MEC,CM,Study_Sample
Unknown,R250522_CLU0120_C18neg_121,K0818803_2,6,12,E:/Projects/CLU0120_250501_MEC_C18/1-Raw_Files/Batch_06_250522/,C:\Xcalibur\methods\Aria_C18_Methods\240408_C18neg_120k_TopPump_Channel2,G:C10,10,CLU0120_MEC,CM,Study_Sample
Unknown,R250522_CLU0120_C18pos_121_PFAS-MSMS,K0818803_1_PFAS-MSMS,6,12,E:/Projects/CLU0120_250501_MEC_C18/1-Raw_Files/Batch_06_250522//MSMS,C:\Xcalibur\methods\Aria_C18_Methods\240802_C18pos_BottomPump_Channel1_Water_PFAS-inc-ddMS2,G:C10,7.5,CLU0120_MEC,CM,PFAS-MSMS
Unknown,R250522_CLU0120_C18neg_121_PFAS-MSMS,K0818803_2_PFAS-MSMS,6,12,E:/Projects/CLU0120_250501_MEC_C18/1-Raw_Files/Batch_06_250522//MSMS,C:\Xcalibur\methods\Aria_C18_Methods\240802_C18neg_TopPump_Channel2_Water_PFAS-inc-ddMS2,G:C10,10,CLU0120_MEC,CM,PFAS-MSMS
Unknown,R250522_CLU0120_C18pos_122,K0818794_1,6,12,E:/Projects/CLU0120_250501_MEC_C18/1-Raw_Files/Batch_06_250522/,C:\Xcalibur\methods\Aria_C18_Methods\240408_C18pos_120k_BottomPump_Channel1,G:C12,7.5,CLU0120_MEC,CM,Study_Sample
Unknown,R250522_CLU0120_C18neg_122,K0818794_2,6,12,E:/Projects/CLU0120_250501_MEC_C18/1-Raw_Files/Batch_06_250522/,C:\Xcalibur\methods\Aria_C18_Methods\240408_C18neg_120k_TopPump_Channel2,G:C12,10,CLU0120_MEC,CM,Study_Sample
Unknown,R250522_CLU0120_C18pos_123,K0818819_1,6,12,E:/Projects/CLU0120_250501_MEC_C18/1-Raw_Files/Batch_06_250522/,C:\Xcalibur\methods\Aria_C18_Methods\240408_C18pos_120k_BottomPump_Channel1,G:C14,7.5,CLU0120_MEC,CM,Study_Sample
Unknown,R250522_CLU0120_C18neg_123,K0818819_2,6,12,E:/Projects/CLU0120_250501_MEC_C18/1-Raw_Files/Batch_06_250522/,C:\Xcalibur\methods\Aria_C18_Methods\240408_C18neg_120k_TopPump_Channel2,G:C14,10,CLU0120_MEC,CM,Study_Sample
Unknown,R250522_CLU0120_C18pos_124,K0818810_1,6,12,E:/Projects/CLU0120_250501_MEC_C18/1-Raw_Files/Batch_06_250522/,C:\Xcalibur\methods\Aria_C18_Methods\240408_C18pos_120k_BottomPump_Channel1,G:C16,7.5,CLU0120_MEC,CM,Study_Sample
Unknown,R250522_CLU0120_C18neg_124,K0818810_2,6,12,E:/Projects/CLU0120_250501_MEC_C18/1-Raw_Files/Batch_06_250522/,C:\Xcalibur\methods\Aria_C18_Methods\240408_C18neg_120k_TopPump_Channel2,G:C16,10,CLU0120_MEC,CM,Study_Sample
Unknown,R250522_CLU0120_C18pos_124_MSMS,K0818810_1_MSMS,6,12,E:/Projects/CLU0120_250501_MEC_C18/1-Raw_Files/Batch_06_250522//MSMS,C:\Xcalibur\methods\Aria_C18_Methods\240801_C18pos_BottomPump_Channel1_Water+PP-ddMS2,G:C16,7.5,CLU0120_MEC,CM,MSMS
Unknown,R250522_CLU0120_C18neg_124_MSMS,K0818810_2_MSMS,6,12,E:/Projects/CLU0120_250501_MEC_C18/1-Raw_Files/Batch_06_250522//MSMS,C:\Xcalibur\methods\Aria_C18_Methods\240801_C18neg_TopPump_Channel2_Water+PP-ddMS2,G:C16,10,CLU0120_MEC,CM,MSMS
Unknown,R250522_CLU0120_C18pos_125,K0818835_1,6,12,E:/Projects/CLU0120_250501_MEC_C18/1-Raw_Files/Batch_06_250522/,C:\Xcalibur\methods\Aria_C18_Methods\240408_C18pos_120k_BottomPump_Channel1,G:C18,7.5,CLU0120_MEC,CM,Study_Sample
Unknown,R250522_CLU0120_C18neg_125,K0818835_2,6,12,E:/Projects/CLU0120_250501_MEC_C18/1-Raw_Files/Batch_06_250522/,C:\Xcalibur\methods\Aria_C18_Methods\240408_C18neg_120k_TopPump_Channel2,G:C18,10,CLU0120_MEC,CM,Study_Sample
Unknown,R250522_CLU0120_C18pos_126,K0818826_1,6,12,E:/Projects/CLU0120_250501_MEC_C18/1-Raw_Files/Batch_06_250522/,C:\Xcalibur\methods\Aria_C18_Methods\240408_C18pos_120k_BottomPump_Channel1,G:C20,7.5,CLU0120_MEC,CM,Study_Sample
Unknown,R250522_CLU0120_C18neg_126,K0818826_2,6,12,E:/Projects/CLU0120_250501_MEC_C18/1-Raw_Files/Batch_06_250522/,C:\Xcalibur\methods\Aria_C18_Methods\240408_C18neg_120k_TopPump_Channel2,G:C20,10,CLU0120_MEC,CM,Study_Sample
Unknown,R250522_CLU0120_C18pos_127,HRE.p1Std.112020_06_07_1,6,12,E:/Projects/CLU0120_250501_MEC_C18/1-Raw_Files/Batch_06_250522/,C:\Xcalibur\methods\Aria_C18_Methods\240408_C18pos_120k_BottomPump_Channel1,G:P3,7.5,CLU0120_MEC,CM,HRE_Pool
Unknown,R250522_CLU0120_C18neg_127,HRE.p1Std.112020_06_07_2,6,12,E:/Projects/CLU0120_250501_MEC_C18/1-Raw_Files/Batch_06_250522/,C:\Xcalibur\methods\Aria_C18_Methods\240408_C18neg_120k_TopPump_Channel2,G:P3,10,CLU0120_MEC,CM,HRE_Pool
Unknown,R250522_CLU0120_C18pos_128,HRE.p2Std.112020_06_07_1,6,12,E:/Projects/CLU0120_250501_MEC_C18/1-Raw_Files/Batch_06_250522/,C:\Xcalibur\methods\Aria_C18_Methods\240408_C18pos_120k_BottomPump_Channel1,G:D7,7.5,CLU0120_MEC,CM,HRE_Pool
Unknown,R250522_CLU0120_C18neg_128,HRE.p2Std.112020_06_07_2,6,12,E:/Projects/CLU0120_250501_MEC_C18/1-Raw_Files/Batch_06_250522/,C:\Xcalibur\methods\Aria_C18_Methods\240408_C18neg_120k_TopPump_Channel2,G:D7,10,CLU0120_MEC,CM,HRE_Pool
Unknown,R250522_CLU0120_C18pos_129,K0818772_1,6,12,E:/Projects/CLU0120_250501_MEC_C18/1-Raw_Files/Batch_06_250522/,C:\Xcalibur\methods\Aria_C18_Methods\240408_C18pos_120k_BottomPump_Channel1,G:E2,7.5,CLU0120_MEC,CM,Study_Sample
Unknown,R250522_CLU0120_C18neg_129,K0818772_2,6,12,E:/Projects/CLU0120_250501_MEC_C18/1-Raw_Files/Batch_06_250522/,C:\Xcalibur\methods\Aria_C18_Methods\240408_C18neg_120k_TopPump_Channel2,G:E2,10,CLU0120_MEC,CM,Study_Sample
Unknown,R250522_CLU0120_C18pos_130,K0818763_1,6,12,E:/Projects/CLU0120_250501_MEC_C18/1-Raw_Files/Batch_06_250522/,C:\Xcalibur\methods\Aria_C18_Methods\240408_C18pos_120k_BottomPump_Channel1,G:E4,7.5,CLU0120_MEC,CM,Study_Sample
Unknown,R250522_CLU0120_C18neg_130,K0818763_2,6,12,E:/Projects/CLU0120_250501_MEC_C18/1-Raw_Files/Batch_06_250522/,C:\Xcalibur\methods\Aria_C18_Methods\240408_C18neg_120k_TopPump_Channel2,G:E4,10,CLU0120_MEC,CM,Study_Sample
Unknown,R250522_CLU0120_C18pos_130_PFAS-MSMS,K0818763_1_PFAS-MSMS,6,12,E:/Projects/CLU0120_250501_MEC_C18/1-Raw_Files/Batch_06_250522//MSMS,C:\Xcalibur\methods\Aria_C18_Methods\240802_C18pos_BottomPump_Channel1_Water_PFAS-inc-ddMS2,G:E4,7.5,CLU0120_MEC,CM,PFAS-MSMS
Unknown,R250522_CLU0120_C18neg_130_PFAS-MSMS,K0818763_2_PFAS-MSMS,6,12,E:/Projects/CLU0120_250501_MEC_C18/1-Raw_Files/Batch_06_250522//MSMS,C:\Xcalibur\methods\Aria_C18_Methods\240802_C18neg_TopPump_Channel2_Water_PFAS-inc-ddMS2,G:E4,10,CLU0120_MEC,CM,PFAS-MSMS
Unknown,R250522_CLU0120_C18pos_131,K0818788_1,6,12,E:/Projects/CLU0120_250501_MEC_C18/1-Raw_Files/Batch_06_250522/,C:\Xcalibur\methods\Aria_C18_Methods\240408_C18pos_120k_BottomPump_Channel1,G:E6,7.5,CLU0120_MEC,CM,Study_Sample
Unknown,R250522_CLU0120_C18neg_131,K0818788_2,6,12,E:/Projects/CLU0120_250501_MEC_C18/1-Raw_Files/Batch_06_250522/,C:\Xcalibur\methods\Aria_C18_Methods\240408_C18neg_120k_TopPump_Channel2,G:E6,10,CLU0120_MEC,CM,Study_Sample
Unknown,R250522_CLU0120_C18pos_132,K0818779_1,6,12,E:/Projects/CLU0120_250501_MEC_C18/1-Raw_Files/Batch_06_250522/,C:\Xcalibur\methods\Aria_C18_Methods\240408_C18pos_120k_BottomPump_Channel1,G:E8,7.5,CLU0120_MEC,CM,Study_Sample
Unknown,R250522_CLU0120_C18neg_132,K0818779_2,6,12,E:/Projects/CLU0120_250501_MEC_C18/1-Raw_Files/Batch_06_250522/,C:\Xcalibur\methods\Aria_C18_Methods\240408_C18neg_120k_TopPump_Channel2,G:E8,10,CLU0120_MEC,CM,Study_Sample
Unknown,R250522_CLU0120_C18pos_133,K0818804_1,6,12,E:/Projects/CLU0120_250501_MEC_C18/1-Raw_Files/Batch_06_250522/,C:\Xcalibur\methods\Aria_C18_Methods\240408_C18pos_120k_BottomPump_Channel1,G:E10,7.5,CLU0120_MEC,CM,Study_Sample
Unknown,R250522_CLU0120_C18neg_133,K0818804_2,6,12,E:/Projects/CLU0120_250501_MEC_C18/1-Raw_Files/Batch_06_250522/,C:\Xcalibur\methods\Aria_C18_Methods\240408_C18neg_120k_TopPump_Channel2,G:E10,10,CLU0120_MEC,CM,Study_Sample
Unknown,R250522_CLU0120_C18pos_134,K0818795_1,6,12,E:/Projects/CLU0120_250501_MEC_C18/1-Raw_Files/Batch_06_250522/,C:\Xcalibur\methods\Aria_C18_Methods\240408_C18pos_120k_BottomPump_Channel1,G:E12,7.5,CLU0120_MEC,CM,Study_Sample
Unknown,R250522_CLU0120_C18neg_134,K0818795_2,6,12,E:/Projects/CLU0120_250501_MEC_C18/1-Raw_Files/Batch_06_250522/,C:\Xcalibur\methods\Aria_C18_Methods\240408_C18neg_120k_TopPump_Channel2,G:E12,10,CLU0120_MEC,CM,Study_Sample
Unknown,R250522_CLU0120_C18pos_135,K0818820_1,6,12,E:/Projects/CLU0120_250501_MEC_C18/1-Raw_Files/Batch_06_250522/,C:\Xcalibur\methods\Aria_C18_Methods\240408_C18pos_120k_BottomPump_Channel1,G:E14,7.5,CLU0120_MEC,CM,Study_Sample
Unknown,R250522_CLU0120_C18neg_135,K0818820_2,6,12,E:/Projects/CLU0120_250501_MEC_C18/1-Raw_Files/Batch_06_250522/,C:\Xcalibur\methods\Aria_C18_Methods\240408_C18neg_120k_TopPump_Channel2,G:E14,10,CLU0120_MEC,CM,Study_Sample
Unknown,R250522_CLU0120_C18pos_136,K0818811_1,6,12,E:/Projects/CLU0120_250501_MEC_C18/1-Raw_Files/Batch_06_250522/,C:\Xcalibur\methods\Aria_C18_Methods\240408_C18pos_120k_BottomPump_Channel1,G:E16,7.5,CLU0120_MEC,CM,Study_Sample
Unknown,R250522_CLU0120_C18neg_136,K0818811_2,6,12,E:/Projects/CLU0120_250501_MEC_C18/1-Raw_Files/Batch_06_250522/,C:\Xcalibur\methods\Aria_C18_Methods\240408_C18neg_120k_TopPump_Channel2,G:E16,10,CLU0120_MEC,CM,Study_Sample
Unknown,R250522_CLU0120_C18pos_137,K0818836_1,6,12,E:/Projects/CLU0120_250501_MEC_C18/1-Raw_Files/Batch_06_250522/,C:\Xcalibur\methods\Aria_C18_Methods\240408_C18pos_120k_BottomPump_Channel1,G:E18,7.5,CLU0120_MEC,CM,Study_Sample
Unknown,R250522_CLU0120_C18neg_137,K0818836_2,6,12,E:/Projects/CLU0120_250501_MEC_C18/1-Raw_Files/Batch_06_250522/,C:\Xcalibur\methods\Aria_C18_Methods\240408_C18neg_120k_TopPump_Channel2,G:E18,10,CLU0120_MEC,CM,Study_Sample
Unknown,R250522_CLU0120_C18pos_138,K0818827_1,6,12,E:/Projects/CLU0120_250501_MEC_C18/1-Raw_Files/Batch_06_250522/,C:\Xcalibur\methods\Aria_C18_Methods\240408_C18pos_120k_BottomPump_Channel1,G:E20,7.5,CLU0120_MEC,CM,Study_Sample
Unknown,R250522_CLU0120_C18neg_138,K0818827_2,6,12,E:/Projects/CLU0120_250501_MEC_C18/1-Raw_Files/Batch_06_250522/,C:\Xcalibur\methods\Aria_C18_Methods\240408_C18neg_120k_TopPump_Channel2,G:E20,10,CLU0120_MEC,CM,Study_Sample
Unknown,R250522_CLU0120_C18pos_139,K0820205_1,6,12,E:/Projects/CLU0120_250501_MEC_C18/1-Raw_Files/Batch_06_250522/,C:\Xcalibur\methods\Aria_C18_Methods\240408_C18pos_120k_BottomPump_Channel1,G:G2,7.5,CLU0120_MEC,CM,Study_Sample
Unknown,R250522_CLU0120_C18neg_139,K0820205_2,6,12,E:/Projects/CLU0120_250501_MEC_C18/1-Raw_Files/Batch_06_250522/,C:\Xcalibur\methods\Aria_C18_Methods\240408_C18neg_120k_TopPump_Channel2,G:G2,10,CLU0120_MEC,CM,Study_Sample
Unknown,R250522_CLU0120_C18pos_140,K0818764_1,6,12,E:/Projects/CLU0120_250501_MEC_C18/1-Raw_Files/Batch_06_250522/,C:\Xcalibur\methods\Aria_C18_Methods\240408_C18pos_120k_BottomPump_Channel1,G:G4,7.5,CLU0120_MEC,CM,Study_Sample
Unknown,R250522_CLU0120_C18neg_140,K0818764_2,6,12,E:/Projects/CLU0120_250501_MEC_C18/1-Raw_Files/Batch_06_250522/,C:\Xcalibur\methods\Aria_C18_Methods\240408_C18neg_120k_TopPump_Channel2,G:G4,10,CLU0120_MEC,CM,Study_Sample
Unknown,R250522_CLU0120_C18pos_141,K0820221_1,6,12,E:/Projects/CLU0120_250501_MEC_C18/1-Raw_Files/Batch_06_250522/,C:\Xcalibur\methods\Aria_C18_Methods\240408_C18pos_120k_BottomPump_Channel1,G:G6,7.5,CLU0120_MEC,CM,Study_Sample
Unknown,R250522_CLU0120_C18neg_141,K0820221_2,6,12,E:/Projects/CLU0120_250501_MEC_C18/1-Raw_Files/Batch_06_250522/,C:\Xcalibur\methods\Aria_C18_Methods\240408_C18neg_120k_TopPump_Channel2,G:G6,10,CLU0120_MEC,CM,Study_Sample
Unknown,R250522_CLU0120_C18pos_142,K0818780_1,6,12,E:/Projects/CLU0120_250501_MEC_C18/1-Raw_Files/Batch_06_250522/,C:\Xcalibur\methods\Aria_C18_Methods\240408_C18pos_120k_BottomPump_Channel1,G:G8,7.5,CLU0120_MEC,CM,Study_Sample
Unknown,R250522_CLU0120_C18neg_142,K0818780_2,6,12,E:/Projects/CLU0120_250501_MEC_C18/1-Raw_Files/Batch_06_250522/,C:\Xcalibur\methods\Aria_C18_Methods\240408_C18neg_120k_TopPump_Channel2,G:G8,10,CLU0120_MEC,CM,Study_Sample
Unknown,R250522_CLU0120_C18pos_143,K0820237_1,6,12,E:/Projects/CLU0120_250501_MEC_C18/1-Raw_Files/Batch_06_250522/,C:\Xcalibur\methods\Aria_C18_Methods\240408_C18pos_120k_BottomPump_Channel1,G:G10,7.5,CLU0120_MEC,CM,Study_Sample
Unknown,R250522_CLU0120_C18neg_143,K0820237_2,6,12,E:/Projects/CLU0120_250501_MEC_C18/1-Raw_Files/Batch_06_250522/,C:\Xcalibur\methods\Aria_C18_Methods\240408_C18neg_120k_TopPump_Channel2,G:G10,10,CLU0120_MEC,CM,Study_Sample
Unknown,R250522_CLU0120_C18pos_144,K0818796_1,6,12,E:/Projects/CLU0120_250501_MEC_C18/1-Raw_Files/Batch_06_250522/,C:\Xcalibur\methods\Aria_C18_Methods\240408_C18pos_120k_BottomPump_Channel1,G:G12,7.5,CLU0120_MEC,CM,Study_Sample
Unknown,R250522_CLU0120_C18neg_144,K0818796_2,6,12,E:/Projects/CLU0120_250501_MEC_C18/1-Raw_Files/Batch_06_250522/,C:\Xcalibur\methods\Aria_C18_Methods\240408_C18neg_120k_TopPump_Channel2,G:G12,10,CLU0120_MEC,CM,Study_Sample
Unknown,R250522_CLU0120_C18pos_145,K0820253_1,6,12,E:/Projects/CLU0120_250501_MEC_C18/1-Raw_Files/Batch_06_250522/,C:\Xcalibur\methods\Aria_C18_Methods\240408_C18pos_120k_BottomPump_Channel1,G:G14,7.5,CLU0120_MEC,CM,Study_Sample
Unknown,R250522_CLU0120_C18neg_145,K0820253_2,6,12,E:/Projects/CLU0120_250501_MEC_C18/1-Raw_Files/Batch_06_250522/,C:\Xcalibur\methods\Aria_C18_Methods\240408_C18neg_120k_TopPump_Channel2,G:G14,10,CLU0120_MEC,CM,Study_Sample
Unknown,R250522_CLU0120_C18pos_146,K0818812_1,6,12,E:/Projects/CLU0120_250501_MEC_C18/1-Raw_Files/Batch_06_250522/,C:\Xcalibur\methods\Aria_C18_Methods\240408_C18pos_120k_BottomPump_Channel1,G:G16,7.5,CLU0120_MEC,CM,Study_Sample
Unknown,R250522_CLU0120_C18neg_146,K0818812_2,6,12,E:/Projects/CLU0120_250501_MEC_C18/1-Raw_Files/Batch_06_250522/,C:\Xcalibur\methods\Aria_C18_Methods\240408_C18neg_120k_TopPump_Channel2,G:G16,10,CLU0120_MEC,CM,Study_Sample
Unknown,R250522_CLU0120_C18pos_147,K0820269_1,6,12,E:/Projects/CLU0120_250501_MEC_C18/1-Raw_Files/Batch_06_250522/,C:\Xcalibur\methods\Aria_C18_Methods\240408_C18pos_120k_BottomPump_Channel1,G:G18,7.5,CLU0120_MEC,CM,Study_Sample
Unknown,R250522_CLU0120_C18neg_147,K0820269_2,6,12,E:/Projects/CLU0120_250501_MEC_C18/1-Raw_Files/Batch_06_250522/,C:\Xcalibur\methods\Aria_C18_Methods\240408_C18neg_120k_TopPump_Channel2,G:G18,10,CLU0120_MEC,CM,Study_Sample
Unknown,R250522_CLU0120_C18pos_148,K0818828_1,6,12,E:/Projects/CLU0120_250501_MEC_C18/1-Raw_Files/Batch_06_250522/,C:\Xcalibur\methods\Aria_C18_Methods\240408_C18pos_120k_BottomPump_Channel1,G:G20,7.5,CLU0120_MEC,CM,Study_Sample
Unknown,R250522_CLU0120_C18neg_148,K0818828_2,6,12,E:/Projects/CLU0120_250501_MEC_C18/1-Raw_Files/Batch_06_250522/,C:\Xcalibur\methods\Aria_C18_Methods\240408_C18neg_120k_TopPump_Channel2,G:G20,10,CLU0120_MEC,CM,Study_Sample
Unknown,R250522_CLU0120_C18pos_149,HRE.p1Std.112020_06_08_1,6,12,E:/Projects/CLU0120_250501_MEC_C18/1-Raw_Files/Batch_06_250522/,C:\Xcalibur\methods\Aria_C18_Methods\240408_C18pos_120k_BottomPump_Channel1,G:B5,7.5,CLU0120_MEC,CM,HRE_Pool
Unknown,R250522_CLU0120_C18neg_149,HRE.p1Std.112020_06_08_2,6,12,E:/Projects/CLU0120_250501_MEC_C18/1-Raw_Files/Batch_06_250522/,C:\Xcalibur\methods\Aria_C18_Methods\240408_C18neg_120k_TopPump_Channel2,G:B5,10,CLU0120_MEC,CM,HRE_Pool
Unknown,R250522_CLU0120_C18pos_150,HRE.p2Std.112020_06_08_1,6,12,E:/Projects/CLU0120_250501_MEC_C18/1-Raw_Files/Batch_06_250522/,C:\Xcalibur\methods\Aria_C18_Methods\240408_C18pos_120k_BottomPump_Channel1,G:F7,7.5,CLU0120_MEC,CM,HRE_Pool
Unknown,R250522_CLU0120_C18neg_150,HRE.p2Std.112020_06_08_2,6,12,E:/Projects/CLU0120_250501_MEC_C18/1-Raw_Files/Batch_06_250522/,C:\Xcalibur\methods\Aria_C18_Methods\240408_C18neg_120k_TopPump_Channel2,G:F7,10,CLU0120_MEC,CM,HRE_Pool
Unknown,R250522_CLU0120_C18pos_151,K0820206_1,6,12,E:/Projects/CLU0120_250501_MEC_C18/1-Raw_Files/Batch_06_250522/,C:\Xcalibur\methods\Aria_C18_Methods\240408_C18pos_120k_BottomPump_Channel1,G:I2,7.5,CLU0120_MEC,CM,Study_Sample
Unknown,R250522_CLU0120_C18neg_151,K0820206_2,6,12,E:/Projects/CLU0120_250501_MEC_C18/1-Raw_Files/Batch_06_250522/,C:\Xcalibur\methods\Aria_C18_Methods\240408_C18neg_120k_TopPump_Channel2,G:I2,10,CLU0120_MEC,CM,Study_Sample
Unknown,R250522_CLU0120_C18pos_152,K0820197_1,6,12,E:/Projects/CLU0120_250501_MEC_C18/1-Raw_Files/Batch_06_250522/,C:\Xcalibur\methods\Aria_C18_Methods\240408_C18pos_120k_BottomPump_Channel1,G:I4,7.5,CLU0120_MEC,CM,Study_Sample
Unknown,R250522_CLU0120_C18neg_152,K0820197_2,6,12,E:/Projects/CLU0120_250501_MEC_C18/1-Raw_Files/Batch_06_250522/,C:\Xcalibur\methods\Aria_C18_Methods\240408_C18neg_120k_TopPump_Channel2,G:I4,10,CLU0120_MEC,CM,Study_Sample
Unknown,R250522_CLU0120_C18pos_153,K0820222_1,6,12,E:/Projects/CLU0120_250501_MEC_C18/1-Raw_Files/Batch_06_250522/,C:\Xcalibur\methods\Aria_C18_Methods\240408_C18pos_120k_BottomPump_Channel1,G:I6,7.5,CLU0120_MEC,CM,Study_Sample
Unknown,R250522_CLU0120_C18neg_153,K0820222_2,6,12,E:/Projects/CLU0120_250501_MEC_C18/1-Raw_Files/Batch_06_250522/,C:\Xcalibur\methods\Aria_C18_Methods\240408_C18neg_120k_TopPump_Channel2,G:I6,10,CLU0120_MEC,CM,Study_Sample
Unknown,R250522_CLU0120_C18pos_154,K0820213_1,6,12,E:/Projects/CLU0120_250501_MEC_C18/1-Raw_Files/Batch_06_250522/,C:\Xcalibur\methods\Aria_C18_Methods\240408_C18pos_120k_BottomPump_Channel1,G:I8,7.5,CLU0120_MEC,CM,Study_Sample
Unknown,R250522_CLU0120_C18neg_154,K0820213_2,6,12,E:/Projects/CLU0120_250501_MEC_C18/1-Raw_Files/Batch_06_250522/,C:\Xcalibur\methods\Aria_C18_Methods\240408_C18neg_120k_TopPump_Channel2,G:I8,10,CLU0120_MEC,CM,Study_Sample
Unknown,R250522_CLU0120_C18pos_155,K0820238_1,6,12,E:/Projects/CLU0120_250501_MEC_C18/1-Raw_Files/Batch_06_250522/,C:\Xcalibur\methods\Aria_C18_Methods\240408_C18pos_120k_BottomPump_Channel1,G:I10,7.5,CLU0120_MEC,CM,Study_Sample
Unknown,R250522_CLU0120_C18neg_155,K0820238_2,6,12,E:/Projects/CLU0120_250501_MEC_C18/1-Raw_Files/Batch_06_250522/,C:\Xcalibur\methods\Aria_C18_Methods\240408_C18neg_120k_TopPump_Channel2,G:I10,10,CLU0120_MEC,CM,Study_Sample
Unknown,R250522_CLU0120_C18pos_156,K0820229_1,6,12,E:/Projects/CLU0120_250501_MEC_C18/1-Raw_Files/Batch_06_250522/,C:\Xcalibur\methods\Aria_C18_Methods\240408_C18pos_120k_BottomPump_Channel1,G:I12,7.5,CLU0120_MEC,CM,Study_Sample
Unknown,R250522_CLU0120_C18neg_156,K0820229_2,6,12,E:/Projects/CLU0120_250501_MEC_C18/1-Raw_Files/Batch_06_250522/,C:\Xcalibur\methods\Aria_C18_Methods\240408_C18neg_120k_TopPump_Channel2,G:I12,10,CLU0120_MEC,CM,Study_Sample
Unknown,R250522_CLU0120_C18pos_157,K0820254_1,6,12,E:/Projects/CLU0120_250501_MEC_C18/1-Raw_Files/Batch_06_250522/,C:\Xcalibur\methods\Aria_C18_Methods\240408_C18pos_120k_BottomPump_Channel1,G:I14,7.5,CLU0120_MEC,CM,Study_Sample
Unknown,R250522_CLU0120_C18neg_157,K0820254_2,6,12,E:/Projects/CLU0120_250501_MEC_C18/1-Raw_Files/Batch_06_250522/,C:\Xcalibur\methods\Aria_C18_Methods\240408_C18neg_120k_TopPump_Channel2,G:I14,10,CLU0120_MEC,CM,Study_Sample
Unknown,R250522_CLU0120_C18pos_157_MSMS,K0820254_1_MSMS,6,12,E:/Projects/CLU0120_250501_MEC_C18/1-Raw_Files/Batch_06_250522//MSMS,C:\Xcalibur\methods\Aria_C18_Methods\240801_C18pos_BottomPump_Channel1_Water+PP-ddMS2,G:I14,7.5,CLU0120_MEC,CM,MSMS
Unknown,R250522_CLU0120_C18neg_157_MSMS,K0820254_2_MSMS,6,12,E:/Projects/CLU0120_250501_MEC_C18/1-Raw_Files/Batch_06_250522//MSMS,C:\Xcalibur\methods\Aria_C18_Methods\240801_C18neg_TopPump_Channel2_Water+PP-ddMS2,G:I14,10,CLU0120_MEC,CM,MSMS
Unknown,R250522_CLU0120_C18pos_158,K0820245_1,6,12,E:/Projects/CLU0120_250501_MEC_C18/1-Raw_Files/Batch_06_250522/,C:\Xcalibur\methods\Aria_C18_Methods\240408_C18pos_120k_BottomPump_Channel1,G:I16,7.5,CLU0120_MEC,CM,Study_Sample
Unknown,R250522_CLU0120_C18neg_158,K0820245_2,6,12,E:/Projects/CLU0120_250501_MEC_C18/1-Raw_Files/Batch_06_250522/,C:\Xcalibur\methods\Aria_C18_Methods\240408_C18neg_120k_TopPump_Channel2,G:I16,10,CLU0120_MEC,CM,Study_Sample
Unknown,R250522_CLU0120_C18pos_159,K0820270_1,6,12,E:/Projects/CLU0120_250501_MEC_C18/1-Raw_Files/Batch_06_250522/,C:\Xcalibur\methods\Aria_C18_Methods\240408_C18pos_120k_BottomPump_Channel1,G:I18,7.5,CLU0120_MEC,CM,Study_Sample
Unknown,R250522_CLU0120_C18neg_159,K0820270_2,6,12,E:/Projects/CLU0120_250501_MEC_C18/1-Raw_Files/Batch_06_250522/,C:\Xcalibur\methods\Aria_C18_Methods\240408_C18neg_120k_TopPump_Channel2,G:I18,10,CLU0120_MEC,CM,Study_Sample
Unknown,R250522_CLU0120_C18pos_160,K0820261_1,6,12,E:/Projects/CLU0120_250501_MEC_C18/1-Raw_Files/Batch_06_250522/,C:\Xcalibur\methods\Aria_C18_Methods\240408_C18pos_120k_BottomPump_Channel1,G:I20,7.5,CLU0120_MEC,CM,Study_Sample
Unknown,R250522_CLU0120_C18neg_160,K0820261_2,6,12,E:/Projects/CLU0120_250501_MEC_C18/1-Raw_Files/Batch_06_250522/,C:\Xcalibur\methods\Aria_C18_Methods\240408_C18neg_120k_TopPump_Channel2,G:I20,10,CLU0120_MEC,CM,Study_Sample
Unknown,R250522_CLU0120_C18pos_161,K0820207_1,6,12,E:/Projects/CLU0120_250501_MEC_C18/1-Raw_Files/Batch_06_250522/,C:\Xcalibur\methods\Aria_C18_Methods\240408_C18pos_120k_BottomPump_Channel1,G:K2,7.5,CLU0120_MEC,CM,Study_Sample
Unknown,R250522_CLU0120_C18neg_161,K0820207_2,6,12,E:/Projects/CLU0120_250501_MEC_C18/1-Raw_Files/Batch_06_250522/,C:\Xcalibur\methods\Aria_C18_Methods\240408_C18neg_120k_TopPump_Channel2,G:K2,10,CLU0120_MEC,CM,Study_Sample
Unknown,R250522_CLU0120_C18pos_162,K0820198_1,6,12,E:/Projects/CLU0120_250501_MEC_C18/1-Raw_Files/Batch_06_250522/,C:\Xcalibur\methods\Aria_C18_Methods\240408_C18pos_120k_BottomPump_Channel1,G:K4,7.5,CLU0120_MEC,CM,Study_Sample
Unknown,R250522_CLU0120_C18neg_162,K0820198_2,6,12,E:/Projects/CLU0120_250501_MEC_C18/1-Raw_Files/Batch_06_250522/,C:\Xcalibur\methods\Aria_C18_Methods\240408_C18neg_120k_TopPump_Channel2,G:K4,10,CLU0120_MEC,CM,Study_Sample
Unknown,R250522_CLU0120_C18pos_163,K0816530_1,6,12,E:/Projects/CLU0120_250501_MEC_C18/1-Raw_Files/Batch_06_250522/,C:\Xcalibur\methods\Aria_C18_Methods\240408_C18pos_120k_BottomPump_Channel1,G:K6,7.5,CLU0120_MEC,CM,Study_Sample
Unknown,R250522_CLU0120_C18neg_163,K0816530_2,6,12,E:/Projects/CLU0120_250501_MEC_C18/1-Raw_Files/Batch_06_250522/,C:\Xcalibur\methods\Aria_C18_Methods\240408_C18neg_120k_TopPump_Channel2,G:K6,10,CLU0120_MEC,CM,Study_Sample
Unknown,R250522_CLU0120_C18pos_164,K0820214_1,6,12,E:/Projects/CLU0120_250501_MEC_C18/1-Raw_Files/Batch_06_250522/,C:\Xcalibur\methods\Aria_C18_Methods\240408_C18pos_120k_BottomPump_Channel1,G:K8,7.5,CLU0120_MEC,CM,Study_Sample
Unknown,R250522_CLU0120_C18neg_164,K0820214_2,6,12,E:/Projects/CLU0120_250501_MEC_C18/1-Raw_Files/Batch_06_250522/,C:\Xcalibur\methods\Aria_C18_Methods\240408_C18neg_120k_TopPump_Channel2,G:K8,10,CLU0120_MEC,CM,Study_Sample
Unknown,R250522_CLU0120_C18pos_165,K0820239_1,6,12,E:/Projects/CLU0120_250501_MEC_C18/1-Raw_Files/Batch_06_250522/,C:\Xcalibur\methods\Aria_C18_Methods\240408_C18pos_120k_BottomPump_Channel1,G:K10,7.5,CLU0120_MEC,CM,Study_Sample
Unknown,R250522_CLU0120_C18neg_165,K0820239_2,6,12,E:/Projects/CLU0120_250501_MEC_C18/1-Raw_Files/Batch_06_250522/,C:\Xcalibur\methods\Aria_C18_Methods\240408_C18neg_120k_TopPump_Channel2,G:K10,10,CLU0120_MEC,CM,Study_Sample
Unknown,R250522_CLU0120_C18pos_166,K0820230_1,6,12,E:/Projects/CLU0120_250501_MEC_C18/1-Raw_Files/Batch_06_250522/,C:\Xcalibur\methods\Aria_C18_Methods\240408_C18pos_120k_BottomPump_Channel1,G:K12,7.5,CLU0120_MEC,CM,Study_Sample
Unknown,R250522_CLU0120_C18neg_166,K0820230_2,6,12,E:/Projects/CLU0120_250501_MEC_C18/1-Raw_Files/Batch_06_250522/,C:\Xcalibur\methods\Aria_C18_Methods\240408_C18neg_120k_TopPump_Channel2,G:K12,10,CLU0120_MEC,CM,Study_Sample
Unknown,R250522_CLU0120_C18pos_167,K0820255_1,6,12,E:/Projects/CLU0120_250501_MEC_C18/1-Raw_Files/Batch_06_250522/,C:\Xcalibur\methods\Aria_C18_Methods\240408_C18pos_120k_BottomPump_Channel1,G:K14,7.5,CLU0120_MEC,CM,Study_Sample
Unknown,R250522_CLU0120_C18neg_167,K0820255_2,6,12,E:/Projects/CLU0120_250501_MEC_C18/1-Raw_Files/Batch_06_250522/,C:\Xcalibur\methods\Aria_C18_Methods\240408_C18neg_120k_TopPump_Channel2,G:K14,10,CLU0120_MEC,CM,Study_Sample
Unknown,R250522_CLU0120_C18pos_168,K0820246_1,6,12,E:/Projects/CLU0120_250501_MEC_C18/1-Raw_Files/Batch_06_250522/,C:\Xcalibur\methods\Aria_C18_Methods\240408_C18pos_120k_BottomPump_Channel1,G:K16,7.5,CLU0120_MEC,CM,Study_Sample
Unknown,R250522_CLU0120_C18neg_168,K0820246_2,6,12,E:/Projects/CLU0120_250501_MEC_C18/1-Raw_Files/Batch_06_250522/,C:\Xcalibur\methods\Aria_C18_Methods\240408_C18neg_120k_TopPump_Channel2,G:K16,10,CLU0120_MEC,CM,Study_Sample
Unknown,R250522_CLU0120_C18pos_169,K0820271_1,6,12,E:/Projects/CLU0120_250501_MEC_C18/1-Raw_Files/Batch_06_250522/,C:\Xcalibur\methods\Aria_C18_Methods\240408_C18pos_120k_BottomPump_Channel1,G:K18,7.5,CLU0120_MEC,CM,Study_Sample
Unknown,R250522_CLU0120_C18neg_169,K0820271_2,6,12,E:/Projects/CLU0120_250501_MEC_C18/1-Raw_Files/Batch_06_250522/,C:\Xcalibur\methods\Aria_C18_Methods\240408_C18neg_120k_TopPump_Channel2,G:K18,10,CLU0120_MEC,CM,Study_Sample
Unknown,R250522_CLU0120_C18pos_170,K0820262_1,6,12,E:/Projects/CLU0120_250501_MEC_C18/1-Raw_Files/Batch_06_250522/,C:\Xcalibur\methods\Aria_C18_Methods\240408_C18pos_120k_BottomPump_Channel1,G:K20,7.5,CLU0120_MEC,CM,Study_Sample
Unknown,R250522_CLU0120_C18neg_170,K0820262_2,6,12,E:/Projects/CLU0120_250501_MEC_C18/1-Raw_Files/Batch_06_250522/,C:\Xcalibur\methods\Aria_C18_Methods\240408_C18neg_120k_TopPump_Channel2,G:K20,10,CLU0120_MEC,CM,Study_Sample
Unknown,R250522_CLU0120_C18pos_171,HRE.p1Std.112020_06_09_1,6,12,E:/Projects/CLU0120_250501_MEC_C18/1-Raw_Files/Batch_06_250522/,C:\Xcalibur\methods\Aria_C18_Methods\240408_C18pos_120k_BottomPump_Channel1,G:D5,7.5,CLU0120_MEC,CM,HRE_Pool
Unknown,R250522_CLU0120_C18neg_171,HRE.p1Std.112020_06_09_2,6,12,E:/Projects/CLU0120_250501_MEC_C18/1-Raw_Files/Batch_06_250522/,C:\Xcalibur\methods\Aria_C18_Methods\240408_C18neg_120k_TopPump_Channel2,G:D5,10,CLU0120_MEC,CM,HRE_Pool
Unknown,R250522_CLU0120_C18pos_172,HRE.p2Std.112020_06_09_1,6,12,E:/Projects/CLU0120_250501_MEC_C18/1-Raw_Files/Batch_06_250522/,C:\Xcalibur\methods\Aria_C18_Methods\240408_C18pos_120k_BottomPump_Channel1,G:H7,7.5,CLU0120_MEC,CM,HRE_Pool
Unknown,R250522_CLU0120_C18neg_172,HRE.p2Std.112020_06_09_2,6,12,E:/Projects/CLU0120_250501_MEC_C18/1-Raw_Files/Batch_06_250522/,C:\Xcalibur\methods\Aria_C18_Methods\240408_C18neg_120k_TopPump_Channel2,G:H7,10,CLU0120_MEC,CM,HRE_Pool
Unknown,R250522_CLU0120_C18pos_173,K0820208_1,6,12,E:/Projects/CLU0120_250501_MEC_C18/1-Raw_Files/Batch_06_250522/,C:\Xcalibur\methods\Aria_C18_Methods\240408_C18pos_120k_BottomPump_Channel1,G:M2,7.5,CLU0120_MEC,CM,Study_Sample
Unknown,R250522_CLU0120_C18neg_173,K0820208_2,6,12,E:/Projects/CLU0120_250501_MEC_C18/1-Raw_Files/Batch_06_250522/,C:\Xcalibur\methods\Aria_C18_Methods\240408_C18neg_120k_TopPump_Channel2,G:M2,10,CLU0120_MEC,CM,Study_Sample
Unknown,R250522_CLU0120_C18pos_174,K0820199_1,6,12,E:/Projects/CLU0120_250501_MEC_C18/1-Raw_Files/Batch_06_250522/,C:\Xcalibur\methods\Aria_C18_Methods\240408_C18pos_120k_BottomPump_Channel1,G:M4,7.5,CLU0120_MEC,CM,Study_Sample
Unknown,R250522_CLU0120_C18neg_174,K0820199_2,6,12,E:/Projects/CLU0120_250501_MEC_C18/1-Raw_Files/Batch_06_250522/,C:\Xcalibur\methods\Aria_C18_Methods\240408_C18neg_120k_TopPump_Channel2,G:M4,10,CLU0120_MEC,CM,Study_Sample
Unknown,R250522_CLU0120_C18pos_175,K0820224_1,6,12,E:/Projects/CLU0120_250501_MEC_C18/1-Raw_Files/Batch_06_250522/,C:\Xcalibur\methods\Aria_C18_Methods\240408_C18pos_120k_BottomPump_Channel1,G:M6,7.5,CLU0120_MEC,CM,Study_Sample
Unknown,R250522_CLU0120_C18neg_175,K0820224_2,6,12,E:/Projects/CLU0120_250501_MEC_C18/1-Raw_Files/Batch_06_250522/,C:\Xcalibur\methods\Aria_C18_Methods\240408_C18neg_120k_TopPump_Channel2,G:M6,10,CLU0120_MEC,CM,Study_Sample
Unknown,R250522_CLU0120_C18pos_176,K0820215_1,6,12,E:/Projects/CLU0120_250501_MEC_C18/1-Raw_Files/Batch_06_250522/,C:\Xcalibur\methods\Aria_C18_Methods\240408_C18pos_120k_BottomPump_Channel1,G:M8,7.5,CLU0120_MEC,CM,Study_Sample
Unknown,R250522_CLU0120_C18neg_176,K0820215_2,6,12,E:/Projects/CLU0120_250501_MEC_C18/1-Raw_Files/Batch_06_250522/,C:\Xcalibur\methods\Aria_C18_Methods\240408_C18neg_120k_TopPump_Channel2,G:M8,10,CLU0120_MEC,CM,Study_Sample
Unknown,R250522_CLU0120_C18pos_176_MSMS,K0820215_1_MSMS,6,12,E:/Projects/CLU0120_250501_MEC_C18/1-Raw_Files/Batch_06_250522//MSMS,C:\Xcalibur\methods\Aria_C18_Methods\240801_C18pos_BottomPump_Channel1_Water+PP-ddMS2,G:M8,7.5,CLU0120_MEC,CM,MSMS
Unknown,R250522_CLU0120_C18neg_176_MSMS,K0820215_2_MSMS,6,12,E:/Projects/CLU0120_250501_MEC_C18/1-Raw_Files/Batch_06_250522//MSMS,C:\Xcalibur\methods\Aria_C18_Methods\240801_C18neg_TopPump_Channel2_Water+PP-ddMS2,G:M8,10,CLU0120_MEC,CM,MSMS
Unknown,R250522_CLU0120_C18pos_177,K0820240_1,6,12,E:/Projects/CLU0120_250501_MEC_C18/1-Raw_Files/Batch_06_250522/,C:\Xcalibur\methods\Aria_C18_Methods\240408_C18pos_120k_BottomPump_Channel1,G:M10,7.5,CLU0120_MEC,CM,Study_Sample
Unknown,R250522_CLU0120_C18neg_177,K0820240_2,6,12,E:/Projects/CLU0120_250501_MEC_C18/1-Raw_Files/Batch_06_250522/,C:\Xcalibur\methods\Aria_C18_Methods\240408_C18neg_120k_TopPump_Channel2,G:M10,10,CLU0120_MEC,CM,Study_Sample
Unknown,R250522_CLU0120_C18pos_178,K0820231_1,6,12,E:/Projects/CLU0120_250501_MEC_C18/1-Raw_Files/Batch_06_250522/,C:\Xcalibur\methods\Aria_C18_Methods\240408_C18pos_120k_BottomPump_Channel1,G:M12,7.5,CLU0120_MEC,CM,Study_Sample
Unknown,R250522_CLU0120_C18neg_178,K0820231_2,6,12,E:/Projects/CLU0120_250501_MEC_C18/1-Raw_Files/Batch_06_250522/,C:\Xcalibur\methods\Aria_C18_Methods\240408_C18neg_120k_TopPump_Channel2,G:M12,10,CLU0120_MEC,CM,Study_Sample
Unknown,R250522_CLU0120_C18pos_178_PFAS-MSMS,K0820231_1_PFAS-MSMS,6,12,E:/Projects/CLU0120_250501_MEC_C18/1-Raw_Files/Batch_06_250522//MSMS,C:\Xcalibur\methods\Aria_C18_Methods\240802_C18pos_BottomPump_Channel1_Water_PFAS-inc-ddMS2,G:M12,7.5,CLU0120_MEC,CM,PFAS-MSMS
Unknown,R250522_CLU0120_C18neg_178_PFAS-MSMS,K0820231_2_PFAS-MSMS,6,12,E:/Projects/CLU0120_250501_MEC_C18/1-Raw_Files/Batch_06_250522//MSMS,C:\Xcalibur\methods\Aria_C18_Methods\240802_C18neg_TopPump_Channel2_Water_PFAS-inc-ddMS2,G:M12,10,CLU0120_MEC,CM,PFAS-MSMS
Unknown,R250522_CLU0120_C18pos_179,K0820256_1,6,12,E:/Projects/CLU0120_250501_MEC_C18/1-Raw_Files/Batch_06_250522/,C:\Xcalibur\methods\Aria_C18_Methods\240408_C18pos_120k_BottomPump_Channel1,G:M14,7.5,CLU0120_MEC,CM,Study_Sample
Unknown,R250522_CLU0120_C18neg_179,K0820256_2,6,12,E:/Projects/CLU0120_250501_MEC_C18/1-Raw_Files/Batch_06_250522/,C:\Xcalibur\methods\Aria_C18_Methods\240408_C18neg_120k_TopPump_Channel2,G:M14,10,CLU0120_MEC,CM,Study_Sample
Unknown,R250522_CLU0120_C18pos_180,K0820247_1,6,12,E:/Projects/CLU0120_250501_MEC_C18/1-Raw_Files/Batch_06_250522/,C:\Xcalibur\methods\Aria_C18_Methods\240408_C18pos_120k_BottomPump_Channel1,G:M16,7.5,CLU0120_MEC,CM,Study_Sample
Unknown,R250522_CLU0120_C18neg_180,K0820247_2,6,12,E:/Projects/CLU0120_250501_MEC_C18/1-Raw_Files/Batch_06_250522/,C:\Xcalibur\methods\Aria_C18_Methods\240408_C18neg_120k_TopPump_Channel2,G:M16,10,CLU0120_MEC,CM,Study_Sample
Unknown,R250522_CLU0120_C18pos_181,K0820272_1,6,12,E:/Projects/CLU0120_250501_MEC_C18/1-Raw_Files/Batch_06_250522/,C:\Xcalibur\methods\Aria_C18_Methods\240408_C18pos_120k_BottomPump_Channel1,G:M18,7.5,CLU0120_MEC,CM,Study_Sample
Unknown,R250522_CLU0120_C18neg_181,K0820272_2,6,12,E:/Projects/CLU0120_250501_MEC_C18/1-Raw_Files/Batch_06_250522/,C:\Xcalibur\methods\Aria_C18_Methods\240408_C18neg_120k_TopPump_Channel2,G:M18,10,CLU0120_MEC,CM,Study_Sample
Unknown,R250522_CLU0120_C18pos_182,K0820263_1,6,12,E:/Projects/CLU0120_250501_MEC_C18/1-Raw_Files/Batch_06_250522/,C:\Xcalibur\methods\Aria_C18_Methods\240408_C18pos_120k_BottomPump_Channel1,G:M20,7.5,CLU0120_MEC,CM,Study_Sample
Unknown,R250522_CLU0120_C18neg_182,K0820263_2,6,12,E:/Projects/CLU0120_250501_MEC_C18/1-Raw_Files/Batch_06_250522/,C:\Xcalibur\methods\Aria_C18_Methods\240408_C18neg_120k_TopPump_Channel2,G:M20,10,CLU0120_MEC,CM,Study_Sample
Unknown,R250522_CLU0120_C18pos_183,K0820209_1,6,12,E:/Projects/CLU0120_250501_MEC_C18/1-Raw_Files/Batch_06_250522/,C:\Xcalibur\methods\Aria_C18_Methods\240408_C18pos_120k_BottomPump_Channel1,G:O2,7.5,CLU0120_MEC,CM,Study_Sample
Unknown,R250522_CLU0120_C18neg_183,K0820209_2,6,12,E:/Projects/CLU0120_250501_MEC_C18/1-Raw_Files/Batch_06_250522/,C:\Xcalibur\methods\Aria_C18_Methods\240408_C18neg_120k_TopPump_Channel2,G:O2,10,CLU0120_MEC,CM,Study_Sample
Unknown,R250522_CLU0120_C18pos_184,K0820200_1,6,12,E:/Projects/CLU0120_250501_MEC_C18/1-Raw_Files/Batch_06_250522/,C:\Xcalibur\methods\Aria_C18_Methods\240408_C18pos_120k_BottomPump_Channel1,G:O4,7.5,CLU0120_MEC,CM,Study_Sample
Unknown,R250522_CLU0120_C18neg_184,K0820200_2,6,12,E:/Projects/CLU0120_250501_MEC_C18/1-Raw_Files/Batch_06_250522/,C:\Xcalibur\methods\Aria_C18_Methods\240408_C18neg_120k_TopPump_Channel2,G:O4,10,CLU0120_MEC,CM,Study_Sample
Unknown,R250522_CLU0120_C18pos_185,K0820225_1,6,12,E:/Projects/CLU0120_250501_MEC_C18/1-Raw_Files/Batch_06_250522/,C:\Xcalibur\methods\Aria_C18_Methods\240408_C18pos_120k_BottomPump_Channel1,G:O6,7.5,CLU0120_MEC,CM,Study_Sample
Unknown,R250522_CLU0120_C18neg_185,K0820225_2,6,12,E:/Projects/CLU0120_250501_MEC_C18/1-Raw_Files/Batch_06_250522/,C:\Xcalibur\methods\Aria_C18_Methods\240408_C18neg_120k_TopPump_Channel2,G:O6,10,CLU0120_MEC,CM,Study_Sample
Unknown,R250522_CLU0120_C18pos_186,K0820216_1,6,12,E:/Projects/CLU0120_250501_MEC_C18/1-Raw_Files/Batch_06_250522/,C:\Xcalibur\methods\Aria_C18_Methods\240408_C18pos_120k_BottomPump_Channel1,G:O8,7.5,CLU0120_MEC,CM,Study_Sample
Unknown,R250522_CLU0120_C18neg_186,K0820216_2,6,12,E:/Projects/CLU0120_250501_MEC_C18/1-Raw_Files/Batch_06_250522/,C:\Xcalibur\methods\Aria_C18_Methods\240408_C18neg_120k_TopPump_Channel2,G:O8,10,CLU0120_MEC,CM,Study_Sample
Unknown,R250522_CLU0120_C18pos_187,K0820241_1,6,12,E:/Projects/CLU0120_250501_MEC_C18/1-Raw_Files/Batch_06_250522/,C:\Xcalibur\methods\Aria_C18_Methods\240408_C18pos_120k_BottomPump_Channel1,G:O10,7.5,CLU0120_MEC,CM,Study_Sample
Unknown,R250522_CLU0120_C18neg_187,K0820241_2,6,12,E:/Projects/CLU0120_250501_MEC_C18/1-Raw_Files/Batch_06_250522/,C:\Xcalibur\methods\Aria_C18_Methods\240408_C18neg_120k_TopPump_Channel2,G:O10,10,CLU0120_MEC,CM,Study_Sample
Unknown,R250522_CLU0120_C18pos_188,K0820232_1,6,12,E:/Projects/CLU0120_250501_MEC_C18/1-Raw_Files/Batch_06_250522/,C:\Xcalibur\methods\Aria_C18_Methods\240408_C18pos_120k_BottomPump_Channel1,G:O12,7.5,CLU0120_MEC,CM,Study_Sample
Unknown,R250522_CLU0120_C18neg_188,K0820232_2,6,12,E:/Projects/CLU0120_250501_MEC_C18/1-Raw_Files/Batch_06_250522/,C:\Xcalibur\methods\Aria_C18_Methods\240408_C18neg_120k_TopPump_Channel2,G:O12,10,CLU0120_MEC,CM,Study_Sample
Unknown,R250522_CLU0120_C18pos_189,K0820257_1,6,12,E:/Projects/CLU0120_250501_MEC_C18/1-Raw_Files/Batch_06_250522/,C:\Xcalibur\methods\Aria_C18_Methods\240408_C18pos_120k_BottomPump_Channel1,G:O14,7.5,CLU0120_MEC,CM,Study_Sample
Unknown,R250522_CLU0120_C18neg_189,K0820257_2,6,12,E:/Projects/CLU0120_250501_MEC_C18/1-Raw_Files/Batch_06_250522/,C:\Xcalibur\methods\Aria_C18_Methods\240408_C18neg_120k_TopPump_Channel2,G:O14,10,CLU0120_MEC,CM,Study_Sample
Unknown,R250522_CLU0120_C18pos_190,K0820248_1,6,12,E:/Projects/CLU0120_250501_MEC_C18/1-Raw_Files/Batch_06_250522/,C:\Xcalibur\methods\Aria_C18_Methods\240408_C18pos_120k_BottomPump_Channel1,G:O16,7.5,CLU0120_MEC,CM,Study_Sample
Unknown,R250522_CLU0120_C18neg_190,K0820248_2,6,12,E:/Projects/CLU0120_250501_MEC_C18/1-Raw_Files/Batch_06_250522/,C:\Xcalibur\methods\Aria_C18_Methods\240408_C18neg_120k_TopPump_Channel2,G:O16,10,CLU0120_MEC,CM,Study_Sample
Unknown,R250522_CLU0120_C18pos_191,K0820273_1,6,12,E:/Projects/CLU0120_250501_MEC_C18/1-Raw_Files/Batch_06_250522/,C:\Xcalibur\methods\Aria_C18_Methods\240408_C18pos_120k_BottomPump_Channel1,G:O18,7.5,CLU0120_MEC,CM,Study_Sample
Unknown,R250522_CLU0120_C18neg_191,K0820273_2,6,12,E:/Projects/CLU0120_250501_MEC_C18/1-Raw_Files/Batch_06_250522/,C:\Xcalibur\methods\Aria_C18_Methods\240408_C18neg_120k_TopPump_Channel2,G:O18,10,CLU0120_MEC,CM,Study_Sample
Unknown,R250522_CLU0120_C18pos_192,K0820264_1,6,12,E:/Projects/CLU0120_250501_MEC_C18/1-Raw_Files/Batch_06_250522/,C:\Xcalibur\methods\Aria_C18_Methods\240408_C18pos_120k_BottomPump_Channel1,G:O20,7.5,CLU0120_MEC,CM,Study_Sample
Unknown,R250522_CLU0120_C18neg_192,K0820264_2,6,12,E:/Projects/CLU0120_250501_MEC_C18/1-Raw_Files/Batch_06_250522/,C:\Xcalibur\methods\Aria_C18_Methods\240408_C18neg_120k_TopPump_Channel2,G:O20,10,CLU0120_MEC,CM,Study_Sample
Unknown,R250522_CLU0120_C18pos_192_MSMS,K0820264_1_MSMS,6,12,E:/Projects/CLU0120_250501_MEC_C18/1-Raw_Files/Batch_06_250522//MSMS,C:\Xcalibur\methods\Aria_C18_Methods\240801_C18pos_BottomPump_Channel1_Water+PP-ddMS2,G:O20,7.5,CLU0120_MEC,CM,MSMS
Unknown,R250522_CLU0120_C18neg_192_MSMS,K0820264_2_MSMS,6,12,E:/Projects/CLU0120_250501_MEC_C18/1-Raw_Files/Batch_06_250522//MSMS,C:\Xcalibur\methods\Aria_C18_Methods\240801_C18neg_TopPump_Channel2_Water+PP-ddMS2,G:O20,10,CLU0120_MEC,CM,MSMS
Unknown,R250522_CLU0120_C18pos_193,HRE.p1Std.112020_06_10_1,6,12,E:/Projects/CLU0120_250501_MEC_C18/1-Raw_Files/Batch_06_250522/,C:\Xcalibur\methods\Aria_C18_Methods\240408_C18pos_120k_BottomPump_Channel1,G:F5,7.5,CLU0120_MEC,CM,HRE_Pool
Unknown,R250522_CLU0120_C18neg_193,HRE.p1Std.112020_06_10_2,6,12,E:/Projects/CLU0120_250501_MEC_C18/1-Raw_Files/Batch_06_250522/,C:\Xcalibur\methods\Aria_C18_Methods\240408_C18neg_120k_TopPump_Channel2,G:F5,10,CLU0120_MEC,CM,HRE_Pool
Unknown,R250522_CLU0120_C18pos_194,HRE.p2Std.112020_06_10_1,6,12,E:/Projects/CLU0120_250501_MEC_C18/1-Raw_Files/Batch_06_250522/,C:\Xcalibur\methods\Aria_C18_Methods\240408_C18pos_120k_BottomPump_Channel1,G:J7,7.5,CLU0120_MEC,CM,HRE_Pool
Unknown,R250522_CLU0120_C18neg_194,HRE.p2Std.112020_06_10_2,6,12,E:/Projects/CLU0120_250501_MEC_C18/1-Raw_Files/Batch_06_250522/,C:\Xcalibur\methods\Aria_C18_Methods\240408_C18neg_120k_TopPump_Channel2,G:J7,10,CLU0120_MEC,CM,HRE_Pool
Unknown,R250522_CLU0120_C18pos_195,AM-S-Y2405_06_02_1,6,12,E:/Projects/CLU0120_250501_MEC_C18/1-Raw_Files/Batch_06_250522/,C:\Xcalibur\methods\Aria_C18_Methods\240408_C18pos_120k_BottomPump_Channel1,G:N7,7.5,CLU0120_MEC,CM,AMAP
Unknown,R250522_CLU0120_C18neg_195,AM-S-Y2405_06_02_2,6,12,E:/Projects/CLU0120_250501_MEC_C18/1-Raw_Files/Batch_06_250522/,C:\Xcalibur\methods\Aria_C18_Methods\240408_C18neg_120k_TopPump_Channel2,G:N7,10,CLU0120_MEC,CM,AMAP
Unknown,R250522_CLU0120_C18pos_196,FBS_0.1ng-mL_06_1,6,12,E:/Projects/CLU0120_250501_MEC_C18/1-Raw_Files/Batch_06_250522/,C:\Xcalibur\methods\Aria_C18_Methods\240408_C18pos_120k_BottomPump_Channel1,G:F9,7.5,CLU0120_MEC,CM,MDL
Unknown,R250522_CLU0120_C18neg_196,FBS_0.1ng-mL_06_2,6,12,E:/Projects/CLU0120_250501_MEC_C18/1-Raw_Files/Batch_06_250522/,C:\Xcalibur\methods\Aria_C18_Methods\240408_C18neg_120k_TopPump_Channel2,G:F9,10,CLU0120_MEC,CM,MDL
Unknown,R250522_CLU0120_C18pos_197,Water_06_02_1,6,12,E:/Projects/CLU0120_250501_MEC_C18/1-Raw_Files/Batch_06_250522/,C:\Xcalibur\methods\Aria_C18_Methods\240408_C18pos_120k_BottomPump_Channel1,G:D9,7.5,CLU0120_MEC,CM,Water
Unknown,R250522_CLU0120_C18neg_197,Water_06_02_2,6,12,E:/Projects/CLU0120_250501_MEC_C18/1-Raw_Files/Batch_06_250522/,C:\Xcalibur\methods\Aria_C18_Methods\240408_C18neg_120k_TopPump_Channel2,G:D9,10,CLU0120_MEC,CM,Water
Unknown,R250522_CLU0120_C18pos_198,Instrument_Blank_06_04_1,6,12,E:/Projects/CLU0120_250501_MEC_C18/1-Raw_Files/Batch_06_250522/,C:\Xcalibur\methods\Aria_C18_Methods\240408_C18pos_120k_BottomPump_Channel1,Y:A3,0,CLU0120_MEC,CM,Blank
Unknown,R250522_CLU0120_C18neg_198,Instrument_Blank_06_04_2,6,12,E:/Projects/CLU0120_250501_MEC_C18/1-Raw_Files/Batch_06_250522/,C:\Xcalibur\methods\Aria_C18_Methods\240408_C18neg_120k_TopPump_Channel2,Y:A3,0,CLU0120_MEC,CM,Blank
